t,cmdty,market_id,market_name,state_id,state_name,district_id,district_name,variety,p_min,p_max,p_modal
"2024-01-01","Onion","1598","Machhiwara","3","Punjab","41","Ludhiana","Other","2000","2200","2100"
"2024-01-01","Onion","227","Tarantaran","3","Punjab","50","Tarn Taran","Other","2000","2200","2100"
"2024-01-01","Onion","244","Patran","3","Punjab","48","Patiala","Other","800","1500","1320"
"2024-01-01","Onion","640","Phagwara","3","Punjab","36","Kapurthala","Other","2000","2522","2111"
"2024-01-01","Onion","1581","Zira","3","Punjab","43","Firozpur","Local","2500","2700","2600"
"2024-01-01","Onion","238","Jagraon","3","Punjab","41","Ludhiana","Other","1700","1900","1850"
"2024-01-01","Onion","645","Dudhansadhan","3","Punjab","48","Patiala","Other","2800","3000","2900"
"2024-01-01","Onion","229","Fazilka","3","Punjab","43","Firozpur","Other","2500","3500","3000"
"2024-01-01","Onion","639","Samrala","3","Punjab","41","Ludhiana","Other","1500","2000","1800"
"2024-01-01","Onion","631","Raman","3","Punjab","46","Bathinda","Other","1900","2070","2010"
"2024-01-01","Onion","1597","Ludhiana","3","Punjab","41","Ludhiana","Other","700","2100","1500"
"2024-01-01","Onion","822","Lalru","3","Punjab","52","Sahibzada Ajit Singh Nagar","Other","1500","2500","2000"
"2024-01-01","Onion","246","Nabha","3","Punjab","48","Patiala","Other","1200","2000","1500"
"2024-01-01","Onion","1733","Talwandi Sabo","3","Punjab","46","Bathinda","Other","1600","2000","1800"
"2024-01-01","Onion","643","Giddarbaha","3","Punjab","44","Muktsar","Onion","2800","3200","3000"
"2024-01-01","Onion","1773","Rayya","3","Punjab","49","Amritsar","Red","3700","3700","3700"
"2024-01-01","Onion","1587","Garh Shankar","3","Punjab","38","Hoshiarpur","Other","1500","2000","1800"
"2024-01-01","Onion","1751","Dera Bassi","3","Punjab","52","Sahibzada Ajit Singh Nagar","Other","2000","2100","2100"
"2024-01-01","Onion","251","Bhawanigarh","3","Punjab","53","Sangrur","Other","1400","2000","1700"
"2024-01-01","Onion","3106","Garh Shankar(Mahalpur)","3","Punjab","38","Hoshiarpur","Onion","1500","2000","1700"
"2024-01-01","Onion","1181","Sirhind","3","Punjab","40","Fatehgarh Sahib","Other","2000","2500","2000"
"2024-01-01","Onion","1606","Bariwala","3","Punjab","44","Muktsar","Other","1600","1600","1600"
"2024-01-01","Onion","624","Patti","3","Punjab","50","Tarn Taran","Other","2000","2400","2200"
"2024-01-01","Onion","247","Barnala","3","Punjab","54","Barnala","Other","1200","2000","1583"
"2024-01-01","Onion","2883","Amritsar(Amritsar Mewa Mandi)","3","Punjab","49","Amritsar","Onion","900","2000","1200"
"2024-01-01","Onion","240","Moga","3","Punjab","42","Moga","Other","1800","2200","2000"
"2024-01-01","Onion","242","Malout","3","Punjab","44","Muktsar","Onion","2000","2500","2200"
"2024-01-01","Onion","1620","Khamano","3","Punjab","40","Fatehgarh Sahib","Onion","2600","2600","2600"
"2024-01-01","Onion","1575","Maur","3","Punjab","46","Bathinda","Other","2000","2500","2300"
"2024-01-01","Onion","632","Faridkot","3","Punjab","45","Faridkot","Onion","1300","1800","1500"
"2024-01-01","Onion","1574","Bhucho","3","Punjab","46","Bathinda","Other","2200","2400","2300"
"2024-01-01","Onion","1577","Jaitu","3","Punjab","45","Faridkot","Nasik","2000","2500","2000"
"2024-01-01","Onion","241","Muktsar","3","Punjab","44","Muktsar","Red","1500","2000","1800"
"2024-01-01","Onion","4444","GarhShankar (Kotfatuhi)","3","Punjab","38","Hoshiarpur","Other","1700","2000","1800"
"2023-11-30","Onion","250","Sunam","3","Punjab","53","Sangrur","Nasik","3500","5000","4000"
"2023-11-30","Onion","637","Mukerian","3","Punjab","38","Hoshiarpur","Onion","4000","5200","4500"
"2023-11-30","Onion","244","Patran","3","Punjab","48","Patiala","Other","2600","3300","3170"
"2023-11-30","Onion","822","Lalru","3","Punjab","52","Sahibzada Ajit Singh Nagar","Other","2500","5000","3000"
"2023-11-30","Onion","1595","Doraha","3","Punjab","41","Ludhiana","Other","4000","5000","4555"
"2023-11-30","Onion","1620","Khamano","3","Punjab","40","Fatehgarh Sahib","Onion","5500","5500","5500"
"2023-11-30","Onion","247","Barnala","3","Punjab","54","Barnala","Other","3800","4500","4150"
"2023-11-30","Onion","230","Jalalabad","3","Punjab","43","Firozpur","Other","3700","3900","3800"
"2023-11-30","Onion","242","Malout","3","Punjab","44","Muktsar","Onion","4000","4400","4200"
"2023-11-30","Onion","1757","Lehra Gaga","3","Punjab","53","Sangrur","Other","4200","4200","4200"
"2023-11-30","Onion","3106","Garh Shankar(Mahalpur)","3","Punjab","38","Hoshiarpur","Onion","2800","3800","3500"
"2023-11-30","Onion","634","Firozepur City","3","Punjab","43","Firozpur","Other","3500","4500","4000"
"2023-11-30","Onion","246","Nabha","3","Punjab","48","Patiala","Other","2700","4900","4300"
"2023-11-30","Onion","2883","Amritsar(Amritsar Mewa Mandi)","3","Punjab","49","Amritsar","Onion","1000","4000","2200"
"2023-11-30","Onion","1602","Dharamkot","3","Punjab","42","Moga","Other","5000","5000","5000"
"2023-11-30","Onion","631","Raman","3","Punjab","46","Bathinda","Other","4000","4400","4230"
"2023-11-30","Onion","249","Malerkotla","3","Punjab","53","Sangrur","Other","2900","3200","3000"
"2023-11-30","Onion","643","Giddarbaha","3","Punjab","44","Muktsar","Onion","3500","4000","3800"
"2023-11-30","Onion","1587","Garh Shankar","3","Punjab","38","Hoshiarpur","Other","2600","4000","3500"
"2023-11-30","Onion","640","Phagwara","3","Punjab","36","Kapurthala","Other","4000","4863","4407"
"2023-11-30","Onion","229","Fazilka","3","Punjab","43","Firozpur","Other","3000","5000","4000"
"2023-11-30","Onion","1597","Ludhiana","3","Punjab","41","Ludhiana","Other","1200","5000","3300"
"2023-11-30","Onion","1618","Bassi Pathana","3","Punjab","40","Fatehgarh Sahib","Onion","3300","3500","3400"
"2023-11-30","Onion","624","Patti","3","Punjab","50","Tarn Taran","Other","3000","3500","3200"
"2023-11-30","Onion","1773","Rayya","3","Punjab","49","Amritsar","Red","4200","4200","4200"
"2023-11-30","Onion","1612","Kharar","3","Punjab","52","Sahibzada Ajit Singh Nagar","Other","4000","5000","4500"
"2023-11-30","Onion","237","Khanna","3","Punjab","41","Ludhiana","Other","2500","4500","3500"
"2023-11-30","Onion","629","Bathinda","3","Punjab","46","Bathinda","Other","4500","4800","4500"
"2023-11-30","Onion","1183","Mansa","3","Punjab","47","Mansa","Onion","5000","9000","7000"
"2023-11-30","Onion","1575","Maur","3","Punjab","46","Bathinda","Other","5200","5500","5400"
"2023-11-30","Onion","4444","GarhShankar (Kotfatuhi)","3","Punjab","38","Hoshiarpur","Other","3000","4000","3500"
"2023-11-30","Onion","251","Bhawanigarh","3","Punjab","53","Sangrur","Other","3500","4000","3750"
"2023-11-30","Onion","1574","Bhucho","3","Punjab","46","Bathinda","Other","4000","4500","4200"
"2023-11-30","Onion","641","Budalada","3","Punjab","47","Mansa","Other","4300","4700","4500"
"2023-11-30","Onion","1586","Dasuya","3","Punjab","38","Hoshiarpur","Other","3800","5000","4400"
"2023-11-30","Onion","241","Muktsar","3","Punjab","44","Muktsar","Nasik","4000","4500","4200"
"2023-11-30","Onion","248","Dhuri","3","Punjab","53","Sangrur","Other","3700","4000","3800"
"2023-11-30","Onion","1732","Bhagta Bhai Ka","3","Punjab","46","Bathinda","Other","5100","5100","5100"
"2023-11-30","Onion","1739","F.G.Churian","3","Punjab","35","Gurdaspur","Onion","3200","3400","3300"
"2023-11-30","Onion","1581","Zira","3","Punjab","43","Firozpur","Local","4500","5000","4800"
"2023-11-30","Onion","1181","Sirhind","3","Punjab","40","Fatehgarh Sahib","Other","4000","5000","4500"
"2023-11-29","Onion","248","Dhuri","3","Punjab","53","Sangrur","Other","3600","4000","3800"
"2023-11-29","Onion","634","Firozepur City","3","Punjab","43","Firozpur","Other","3500","4500","4000"
"2023-11-29","Onion","1732","Bhagta Bhai Ka","3","Punjab","46","Bathinda","Other","5000","5000","5000"
"2023-11-29","Onion","1574","Bhucho","3","Punjab","46","Bathinda","Other","4000","4500","4300"
"2023-11-29","Onion","1620","Khamano","3","Punjab","40","Fatehgarh Sahib","Onion","5500","5500","5500"
"2023-11-29","Onion","624","Patti","3","Punjab","50","Tarn Taran","Other","4000","5000","4500"
"2023-11-29","Onion","647","Ropar","3","Punjab","51","Rupnagar","Other","3500","5000","4500"
"2023-11-29","Onion","249","Malerkotla","3","Punjab","53","Sangrur","Other","2900","3200","3000"
"2023-11-29","Onion","250","Sunam","3","Punjab","53","Sangrur","Nasik","3500","4500","4000"
"2023-11-29","Onion","640","Phagwara","3","Punjab","36","Kapurthala","Other","3190","5100","5100"
"2023-11-29","Onion","1739","F.G.Churian","3","Punjab","35","Gurdaspur","Onion","3400","3500","3450"
"2023-11-29","Onion","230","Jalalabad","3","Punjab","43","Firozpur","Other","3600","4000","3800"
"2023-11-29","Onion","1181","Sirhind","3","Punjab","40","Fatehgarh Sahib","Other","3500","5000","4000"
"2023-11-29","Onion","3106","Garh Shankar(Mahalpur)","3","Punjab","38","Hoshiarpur","Onion","3500","4200","4000"
"2023-11-29","Onion","1751","Dera Bassi","3","Punjab","52","Sahibzada Ajit Singh Nagar","Other","4200","4400","4400"
"2023-11-29","Onion","3100","Phillaur(Apra Mandi)","3","Punjab","37","Jalandhar","Other","5000","5000","5000"
"2023-11-29","Onion","4444","GarhShankar (Kotfatuhi)","3","Punjab","38","Hoshiarpur","Other","2700","3500","3000"
"2023-11-29","Onion","1598","Machhiwara","3","Punjab","41","Ludhiana","Other","3500","4200","4100"
"2023-11-29","Onion","637","Mukerian","3","Punjab","38","Hoshiarpur","Onion","4000","4500","4200"
"2023-11-29","Onion","237","Khanna","3","Punjab","41","Ludhiana","Other","2500","4500","3500"
"2023-11-29","Onion","822","Lalru","3","Punjab","52","Sahibzada Ajit Singh Nagar","Other","3800","3800","3800"
"2023-11-29","Onion","1586","Dasuya","3","Punjab","38","Hoshiarpur","Other","4000","4500","4250"
"2023-11-29","Onion","251","Bhawanigarh","3","Punjab","53","Sangrur","Other","3500","4000","3750"
"2023-11-29","Onion","1757","Lehra Gaga","3","Punjab","53","Sangrur","Other","4100","4100","4100"
"2023-11-29","Onion","227","Tarantaran","3","Punjab","50","Tarn Taran","Other","3500","4500","4000"
"2023-11-29","Onion","1612","Kharar","3","Punjab","52","Sahibzada Ajit Singh Nagar","Other","4000","5000","4500"
"2023-11-29","Onion","1581","Zira","3","Punjab","43","Firozpur","Local","4000","5000","4500"
"2023-11-29","Onion","629","Bathinda","3","Punjab","46","Bathinda","Other","4000","4500","4000"
"2023-11-29","Onion","2883","Amritsar(Amritsar Mewa Mandi)","3","Punjab","49","Amritsar","Onion","1000","4100","2100"
"2023-11-29","Onion","229","Fazilka","3","Punjab","43","Firozpur","Other","3000","5000","4000"
"2023-11-29","Onion","1759","Sangrur","3","Punjab","53","Sangrur","Onion","3800","4200","4000"
"2023-11-29","Onion","643","Giddarbaha","3","Punjab","44","Muktsar","Onion","3500","4000","3800"
"2023-11-29","Onion","1183","Mansa","3","Punjab","47","Mansa","Onion","7000","9000","8000"
"2023-11-29","Onion","247","Barnala","3","Punjab","54","Barnala","Other","3720","4400","4060"
"2023-11-29","Onion","645","Dudhansadhan","3","Punjab","48","Patiala","Other","5000","5500","5200"
"2023-11-29","Onion","1773","Rayya","3","Punjab","49","Amritsar","Red","4200","4200","4200"
"2023-11-29","Onion","242","Malout","3","Punjab","44","Muktsar","Onion","3500","5500","4500"
"2023-11-29","Onion","1587","Garh Shankar","3","Punjab","38","Hoshiarpur","Other","2500","3500","3000"
"2023-11-29","Onion","1610","Rajpura","3","Punjab","48","Patiala","Local","3500","4700","4000"
"2023-11-29","Onion","1575","Maur","3","Punjab","46","Bathinda","Other","5500","6000","5800"
"2023-11-29","Onion","1595","Doraha","3","Punjab","41","Ludhiana","Other","3000","4000","3500"
"2023-11-29","Onion","1618","Bassi Pathana","3","Punjab","40","Fatehgarh Sahib","Onion","3300","3500","3400"
"2023-11-29","Onion","1597","Ludhiana","3","Punjab","41","Ludhiana","Other","1200","4400","3100"
"2023-11-28","Onion","1581","Zira","3","Punjab","43","Firozpur","Local","4200","5000","4600"
"2023-11-28","Onion","624","Patti","3","Punjab","50","Tarn Taran","Other","4500","5200","5000"
"2023-11-28","Onion","250","Sunam","3","Punjab","53","Sangrur","Nasik","3200","4000","3500"
"2023-11-28","Onion","246","Nabha","3","Punjab","48","Patiala","Other","3500","4900","4200"
"2023-11-28","Onion","230","Jalalabad","3","Punjab","43","Firozpur","Other","3700","4000","3800"
"2023-11-28","Onion","1595","Doraha","3","Punjab","41","Ludhiana","Other","3000","4000","3500"
"2023-11-28","Onion","629","Bathinda","3","Punjab","46","Bathinda","Other","3000","3500","3000"
"2023-11-28","Onion","631","Raman","3","Punjab","46","Bathinda","Other","3600","3980","3790"
"2023-11-28","Onion","1739","F.G.Churian","3","Punjab","35","Gurdaspur","Onion","4200","4400","4300"
"2023-11-28","Onion","1733","Talwandi Sabo","3","Punjab","46","Bathinda","Other","3500","4500","4000"
"2023-11-28","Onion","3100","Phillaur(Apra Mandi)","3","Punjab","37","Jalandhar","Other","4500","4500","4500"
"2023-11-28","Onion","1574","Bhucho","3","Punjab","46","Bathinda","Other","4000","4200","4100"
"2023-11-28","Onion","247","Barnala","3","Punjab","54","Barnala","Other","3200","4400","3800"
"2023-11-28","Onion","1751","Dera Bassi","3","Punjab","52","Sahibzada Ajit Singh Nagar","Other","4800","5200","5000"
"2023-11-28","Onion","640","Phagwara","3","Punjab","36","Kapurthala","Other","2800","4600","3690"
"2023-11-28","Onion","1732","Bhagta Bhai Ka","3","Punjab","46","Bathinda","Other","5100","5100","5100"
"2023-11-28","Onion","248","Dhuri","3","Punjab","53","Sangrur","Other","3700","4000","3800"
"2023-11-28","Onion","1586","Dasuya","3","Punjab","38","Hoshiarpur","Other","3500","4500","4000"
"2023-11-28","Onion","639","Samrala","3","Punjab","41","Ludhiana","Other","2700","3000","2800"
"2023-11-28","Onion","1610","Rajpura","3","Punjab","48","Patiala","Local","2800","3800","3350"
"2023-11-28","Onion","647","Ropar","3","Punjab","51","Rupnagar","Other","3500","5000","4500"
"2023-11-28","Onion","1612","Kharar","3","Punjab","52","Sahibzada Ajit Singh Nagar","Other","4000","4500","4200"
"2023-11-28","Onion","1181","Sirhind","3","Punjab","40","Fatehgarh Sahib","Other","3500","5000","4000"
"2023-11-28","Onion","645","Dudhansadhan","3","Punjab","48","Patiala","Other","5000","5500","5200"
"2023-11-28","Onion","1597","Ludhiana","3","Punjab","41","Ludhiana","Other","1200","4400","3100"
"2023-11-28","Onion","634","Firozepur City","3","Punjab","43","Firozpur","Other","3000","3800","3400"
"2023-11-28","Onion","237","Khanna","3","Punjab","41","Ludhiana","Other","2500","4500","3000"
"2023-11-28","Onion","1618","Bassi Pathana","3","Punjab","40","Fatehgarh Sahib","Onion","4000","4000","4000"
"2023-11-28","Onion","1587","Garh Shankar","3","Punjab","38","Hoshiarpur","Other","2500","3500","3000"
"2023-11-28","Onion","1759","Sangrur","3","Punjab","53","Sangrur","Onion","3500","4000","3700"
"2023-11-28","Onion","1582","Dinanagar","3","Punjab","35","Gurdaspur","Other","4000","4500","4500"
"2023-11-28","Onion","227","Tarantaran","3","Punjab","50","Tarn Taran","Other","4000","4500","4200"
"2023-11-28","Onion","2883","Amritsar(Amritsar Mewa Mandi)","3","Punjab","49","Amritsar","Onion","1000","4100","2000"
"2023-11-28","Onion","241","Muktsar","3","Punjab","44","Muktsar","Nasik","4000","4800","4200"
"2023-11-28","Onion","242","Malout","3","Punjab","44","Muktsar","Onion","3100","3800","3600"
"2023-11-28","Onion","1575","Maur","3","Punjab","46","Bathinda","Other","4400","4800","4600"
"2023-11-28","Onion","643","Giddarbaha","3","Punjab","44","Muktsar","Onion","4000","4500","4200"
"2023-11-28","Onion","4444","GarhShankar (Kotfatuhi)","3","Punjab","38","Hoshiarpur","Other","3000","4000","3500"
"2023-11-28","Onion","1620","Khamano","3","Punjab","40","Fatehgarh Sahib","Onion","5500","5500","5500"
"2023-11-28","Onion","1183","Mansa","3","Punjab","47","Mansa","Onion","6000","9000","8000"
"2023-11-28","Onion","1588","Tanda Urmur","3","Punjab","38","Hoshiarpur","Other","4000","4500","4300"
"2023-11-27","Onion","1582","Dinanagar","3","Punjab","35","Gurdaspur","Other","4000","4500","4500"
"2023-11-27","Onion","1574","Bhucho","3","Punjab","46","Bathinda","Other","4000","4300","4200"
"2023-11-27","Onion","1751","Dera Bassi","3","Punjab","52","Sahibzada Ajit Singh Nagar","Other","4500","4600","4500"
"2023-11-27","Onion","230","Jalalabad","3","Punjab","43","Firozpur","Other","3800","4000","3900"
"2023-11-27","Onion","1620","Khamano","3","Punjab","40","Fatehgarh Sahib","Onion","5500","5500","5500"
"2023-11-27","Onion","242","Malout","3","Punjab","44","Muktsar","Onion","3000","4000","3500"
"2023-11-27","Onion","1739","F.G.Churian","3","Punjab","35","Gurdaspur","Onion","2700","2900","2800"
"2023-11-27","Onion","4444","GarhShankar (Kotfatuhi)","3","Punjab","38","Hoshiarpur","Other","2500","4000","3500"
"2023-11-27","Onion","624","Patti","3","Punjab","50","Tarn Taran","Other","5000","6000","5500"
"2023-11-27","Onion","248","Dhuri","3","Punjab","53","Sangrur","Other","3700","4000","3800"
"2023-11-27","Onion","245","Samana","3","Punjab","48","Patiala","Other","3800","4200","4000"
"2023-11-27","Onion","1597","Ludhiana","3","Punjab","41","Ludhiana","Other","1200","4400","3100"
"2023-11-27","Onion","1757","Lehra Gaga","3","Punjab","53","Sangrur","Other","4200","4200","4200"
"2023-11-27","Onion","645","Dudhansadhan","3","Punjab","48","Patiala","Other","4500","5000","4700"
"2023-11-27","Onion","631","Raman","3","Punjab","46","Bathinda","Other","4000","4290","4140"
"2023-11-27","Onion","1581","Zira","3","Punjab","43","Firozpur","Local","4000","5000","4500"
"2023-11-27","Onion","244","Patran","3","Punjab","48","Patiala","Other","3200","3200","3200"
"2023-11-27","Onion","1587","Garh Shankar","3","Punjab","38","Hoshiarpur","Other","2400","3500","3000"
"2023-11-27","Onion","247","Barnala","3","Punjab","54","Barnala","Other","3100","3800","3450"
"2023-11-27","Onion","246","Nabha","3","Punjab","48","Patiala","Other","2500","3800","2900"
"2023-11-27","Onion","647","Ropar","3","Punjab","51","Rupnagar","Other","3500","4500","4000"
"2023-11-27","Onion","643","Giddarbaha","3","Punjab","44","Muktsar","Onion","3500","4000","3800"
"2023-11-27","Onion","250","Sunam","3","Punjab","53","Sangrur","Nasik","3200","4000","3500"
"2023-11-27","Onion","3106","Garh Shankar(Mahalpur)","3","Punjab","38","Hoshiarpur","Onion","2500","3000","2800"
"2023-11-27","Onion","227","Tarantaran","3","Punjab","50","Tarn Taran","Other","4000","4500","4200"
"2023-11-27","Onion","1773","Rayya","3","Punjab","49","Amritsar","Red","4200","4200","4200"
"2023-11-27","Onion","640","Phagwara","3","Punjab","36","Kapurthala","Other","3344","4093","3525"
"2023-11-27","Onion","634","Firozepur City","3","Punjab","43","Firozpur","Other","3000","4000","3500"
"2023-11-27","Onion","629","Bathinda","3","Punjab","46","Bathinda","Other","3500","3800","3500"
"2023-11-27","Onion","1759","Sangrur","3","Punjab","53","Sangrur","Onion","3500","4000","3700"
"2023-11-27","Onion","249","Malerkotla","3","Punjab","53","Sangrur","Other","3100","3600","3400"
"2023-11-27","Onion","1595","Doraha","3","Punjab","41","Ludhiana","Other","3500","4000","3800"
"2023-11-27","Onion","1586","Dasuya","3","Punjab","38","Hoshiarpur","Other","3500","4500","4000"
"2023-11-27","Onion","237","Khanna","3","Punjab","41","Ludhiana","Other","2500","3500","3000"
"2023-11-27","Onion","1732","Bhagta Bhai Ka","3","Punjab","46","Bathinda","Other","5200","5200","5200"
"2023-11-27","Onion","822","Lalru","3","Punjab","52","Sahibzada Ajit Singh Nagar","Other","3300","3700","3500"
"2023-11-27","Onion","1181","Sirhind","3","Punjab","40","Fatehgarh Sahib","Other","3500","4800","4300"
"2023-11-27","Onion","241","Muktsar","3","Punjab","44","Muktsar","Nasik","4500","4800","4600"
"2023-11-27","Onion","2883","Amritsar(Amritsar Mewa Mandi)","3","Punjab","49","Amritsar","Onion","700","3500","1600"
"2023-11-27","Onion","1612","Kharar","3","Punjab","52","Sahibzada Ajit Singh Nagar","Other","3500","4200","4000"
"2023-11-27","Onion","251","Bhawanigarh","3","Punjab","53","Sangrur","Other","3500","4000","3750"
"2023-11-26","Onion","1610","Rajpura","3","Punjab","48","Patiala","Local","2500","3550","3350"
"2023-11-26","Onion","227","Tarantaran","3","Punjab","50","Tarn Taran","Other","3500","4500","4000"
"2023-11-26","Onion","1732","Bhagta Bhai Ka","3","Punjab","46","Bathinda","Other","5100","5100","5100"
"2023-11-26","Onion","624","Patti","3","Punjab","50","Tarn Taran","Other","4000","5000","4500"
"2023-11-26","Onion","1602","Dharamkot","3","Punjab","42","Moga","Other","5000","5000","5000"
"2023-11-25","Onion","1587","Garh Shankar","3","Punjab","38","Hoshiarpur","Other","2500","3300","3000"
"2023-11-25","Onion","1732","Bhagta Bhai Ka","3","Punjab","46","Bathinda","Other","5100","5100","5100"
"2023-11-25","Onion","242","Malout","3","Punjab","44","Muktsar","Onion","3000","3400","3200"
"2023-11-25","Onion","629","Bathinda","3","Punjab","46","Bathinda","Other","3500","3800","3500"
"2023-11-25","Onion","1586","Dasuya","3","Punjab","38","Hoshiarpur","Other","3200","4000","3600"
"2023-11-25","Onion","624","Patti","3","Punjab","50","Tarn Taran","Other","3200","4000","3500"
"2023-11-25","Onion","1574","Bhucho","3","Punjab","46","Bathinda","Other","4000","4500","4200"
"2023-11-25","Onion","1581","Zira","3","Punjab","43","Firozpur","Local","4000","5000","4500"
"2023-11-25","Onion","245","Samana","3","Punjab","48","Patiala","Other","3500","4200","3800"
"2023-11-25","Onion","4444","GarhShankar (Kotfatuhi)","3","Punjab","38","Hoshiarpur","Other","3000","3800","3500"
"2023-11-25","Onion","1582","Dinanagar","3","Punjab","35","Gurdaspur","Other","3500","4000","4000"
"2023-11-25","Onion","251","Bhawanigarh","3","Punjab","53","Sangrur","Other","3500","4000","3750"
"2023-11-25","Onion","1597","Ludhiana","3","Punjab","41","Ludhiana","Other","1200","4400","3100"
"2023-11-25","Onion","3106","Garh Shankar(Mahalpur)","3","Punjab","38","Hoshiarpur","Onion","2000","3000","2500"
"2023-11-25","Onion","237","Khanna","3","Punjab","41","Ludhiana","Other","2500","3500","3000"
"2023-11-25","Onion","227","Tarantaran","3","Punjab","50","Tarn Taran","Other","3500","4500","4000"
"2023-11-25","Onion","241","Muktsar","3","Punjab","44","Muktsar","Nasik","2800","4500","3000"
"2023-11-25","Onion","1595","Doraha","3","Punjab","41","Ludhiana","Other","3500","4500","4021"
"2023-11-25","Onion","645","Dudhansadhan","3","Punjab","48","Patiala","Other","4500","5000","4700"
"2023-11-25","Onion","1602","Dharamkot","3","Punjab","42","Moga","Other","4000","4000","4000"
"2023-11-25","Onion","3100","Phillaur(Apra Mandi)","3","Punjab","37","Jalandhar","Other","4000","4000","4000"
"2023-11-25","Onion","247","Barnala","3","Punjab","54","Barnala","Other","3000","3600","3300"
"2023-11-25","Onion","1773","Rayya","3","Punjab","49","Amritsar","Red","4200","4200","4200"
"2023-11-25","Onion","1600","Sahnewal","3","Punjab","41","Ludhiana","Onion","4500","4500","4500"
"2023-11-25","Onion","1610","Rajpura","3","Punjab","48","Patiala","Local","3000","3850","3500"
"2023-11-25","Onion","634","Firozepur City","3","Punjab","43","Firozpur","Other","3000","4000","3500"
"2023-11-25","Onion","230","Jalalabad","3","Punjab","43","Firozpur","Other","3200","3500","3300"
"2023-11-25","Onion","1183","Mansa","3","Punjab","47","Mansa","Onion","4000","6000","5000"
"2023-11-24","Onion","3100","Phillaur(Apra Mandi)","3","Punjab","37","Jalandhar","Other","4000","4000","4000"
"2023-11-24","Onion","1620","Khamano","3","Punjab","40","Fatehgarh Sahib","Onion","5000","5000","5000"
"2023-11-24","Onion","1183","Mansa","3","Punjab","47","Mansa","Onion","2000","6000","4000"
"2023-11-24","Onion","1582","Dinanagar","3","Punjab","35","Gurdaspur","Other","3500","4000","4000"
"2023-11-24","Onion","1743","Bilga","3","Punjab","37","Jalandhar","Other","1800","2000","1900"
"2023-11-24","Onion","645","Dudhansadhan","3","Punjab","48","Patiala","Other","4500","5000","4700"
"2023-11-24","Onion","1597","Ludhiana","3","Punjab","41","Ludhiana","Other","1200","4400","3100"
"2023-11-24","Onion","640","Phagwara","3","Punjab","36","Kapurthala","Other","3560","3832","3832"
"2023-11-24","Onion","237","Khanna","3","Punjab","41","Ludhiana","Other","2500","4000","3000"
"2023-11-24","Onion","637","Mukerian","3","Punjab","38","Hoshiarpur","Onion","4500","5000","4800"
"2023-11-24","Onion","1586","Dasuya","3","Punjab","38","Hoshiarpur","Other","3500","4500","4000"
"2023-11-24","Onion","247","Barnala","3","Punjab","54","Barnala","Other","2700","3600","3150"
"2023-11-24","Onion","251","Bhawanigarh","3","Punjab","53","Sangrur","Other","3500","3700","3600"
"2023-11-24","Onion","647","Ropar","3","Punjab","51","Rupnagar","Other","3500","4500","4000"
"2023-11-24","Onion","1575","Maur","3","Punjab","46","Bathinda","Other","4100","4500","4300"
"2023-11-24","Onion","1612","Kharar","3","Punjab","52","Sahibzada Ajit Singh Nagar","Other","3500","4200","4000"
"2023-11-24","Onion","1574","Bhucho","3","Punjab","46","Bathinda","Other","4000","4500","4200"
"2023-11-24","Onion","248","Dhuri","3","Punjab","53","Sangrur","Other","3500","3700","3600"
"2023-11-24","Onion","641","Budalada","3","Punjab","47","Mansa","Other","4000","4500","4200"
"2023-11-24","Onion","643","Giddarbaha","3","Punjab","44","Muktsar","Onion","3500","4000","3800"
"2023-11-24","Onion","242","Malout","3","Punjab","44","Muktsar","Onion","3200","4200","4000"
"2023-11-24","Onion","1587","Garh Shankar","3","Punjab","38","Hoshiarpur","Other","2500","3500","3000"
"2023-11-24","Onion","1602","Dharamkot","3","Punjab","42","Moga","Other","4000","4000","4000"
"2023-11-24","Onion","241","Muktsar","3","Punjab","44","Muktsar","Nasik","3000","5000","3500"
"2023-11-24","Onion","629","Bathinda","3","Punjab","46","Bathinda","Other","3000","3500","3000"
"2023-11-24","Onion","1732","Bhagta Bhai Ka","3","Punjab","46","Bathinda","Other","5000","5000","5000"
"2023-11-24","Onion","1618","Bassi Pathana","3","Punjab","40","Fatehgarh Sahib","Onion","4000","4000","4000"
"2023-11-24","Onion","1610","Rajpura","3","Punjab","48","Patiala","Local","3000","4000","3500"
"2023-11-24","Onion","624","Patti","3","Punjab","50","Tarn Taran","Other","5000","6000","5500"
"2023-11-24","Onion","3106","Garh Shankar(Mahalpur)","3","Punjab","38","Hoshiarpur","Onion","2000","3000","2500"
"2023-11-24","Onion","631","Raman","3","Punjab","46","Bathinda","Other","3800","4400","4150"
"2023-11-24","Onion","1739","F.G.Churian","3","Punjab","35","Gurdaspur","Onion","3300","3500","3400"
"2023-11-24","Onion","1581","Zira","3","Punjab","43","Firozpur","Local","4200","5000","4600"
"2023-11-24","Onion","1773","Rayya","3","Punjab","49","Amritsar","Red","4100","4100","4100"
"2023-11-24","Onion","1600","Sahnewal","3","Punjab","41","Ludhiana","Onion","4500","4500","4500"
"2023-11-24","Onion","4444","GarhShankar (Kotfatuhi)","3","Punjab","38","Hoshiarpur","Other","2500","3500","3000"
"2023-11-24","Onion","639","Samrala","3","Punjab","41","Ludhiana","Other","2700","3000","2800"
"2023-11-24","Onion","230","Jalalabad","3","Punjab","43","Firozpur","Other","3500","3800","3600"
"2023-11-24","Onion","227","Tarantaran","3","Punjab","50","Tarn Taran","Other","3500","4500","4000"
"2023-11-24","Onion","1595","Doraha","3","Punjab","41","Ludhiana","Other","3500","4500","3947"
"2023-11-23","Onion","1732","Bhagta Bhai Ka","3","Punjab","46","Bathinda","Other","5500","5500","5500"
"2023-11-23","Onion","237","Khanna","3","Punjab","41","Ludhiana","Other","2000","4000","3000"
"2023-11-23","Onion","1181","Sirhind","3","Punjab","40","Fatehgarh Sahib","Other","3200","4600","4000"
"2023-11-23","Onion","1600","Sahnewal","3","Punjab","41","Ludhiana","Onion","4500","4500","4500"
"2023-11-23","Onion","1602","Dharamkot","3","Punjab","42","Moga","Other","5000","5000","5000"
"2023-11-23","Onion","1739","F.G.Churian","3","Punjab","35","Gurdaspur","Onion","3100","3300","3200"
"2023-11-23","Onion","1618","Bassi Pathana","3","Punjab","40","Fatehgarh Sahib","Onion","4000","4500","4200"
"2023-11-23","Onion","247","Barnala","3","Punjab","54","Barnala","Other","3500","3800","3650"
"2023-11-23","Onion","239","Baghapurana","3","Punjab","42","Moga","Medium","4000","4500","4200"
"2023-11-23","Onion","629","Bathinda","3","Punjab","46","Bathinda","Other","4000","4500","4000"
"2023-11-23","Onion","631","Raman","3","Punjab","46","Bathinda","Other","3860","4300","4000"
"2023-11-23","Onion","640","Phagwara","3","Punjab","36","Kapurthala","Other","2800","3839","3696"
"2023-11-23","Onion","1597","Ludhiana","3","Punjab","41","Ludhiana","Other","1200","4600","3100"
"2023-11-23","Onion","246","Nabha","3","Punjab","48","Patiala","Other","2600","4000","3400"
"2023-11-23","Onion","1757","Lehra Gaga","3","Punjab","53","Sangrur","Other","4000","4000","4000"
"2023-11-23","Onion","251","Bhawanigarh","3","Punjab","53","Sangrur","Other","3500","3500","3500"
"2023-11-23","Onion","250","Sunam","3","Punjab","53","Sangrur","Nasik","3200","4000","3500"
"2023-11-23","Onion","2883","Amritsar(Amritsar Mewa Mandi)","3","Punjab","49","Amritsar","Onion","700","3800","2000"
"2023-11-23","Onion","822","Lalru","3","Punjab","52","Sahibzada Ajit Singh Nagar","Other","2000","3400","3000"
"2023-11-23","Onion","248","Dhuri","3","Punjab","53","Sangrur","Other","3500","4000","3700"
"2023-11-23","Onion","227","Tarantaran","3","Punjab","50","Tarn Taran","Other","3500","4500","4000"
"2023-11-23","Onion","641","Budalada","3","Punjab","47","Mansa","Other","4200","4700","4500"
"2023-11-23","Onion","1773","Rayya","3","Punjab","49","Amritsar","Red","4000","4000","4000"
"2023-11-23","Onion","639","Samrala","3","Punjab","41","Ludhiana","Other","2700","3000","2900"
"2023-11-23","Onion","230","Jalalabad","3","Punjab","43","Firozpur","Other","3700","4200","3800"
"2023-11-23","Onion","1610","Rajpura","3","Punjab","48","Patiala","Local","3000","4100","3700"
"2023-11-23","Onion","1612","Kharar","3","Punjab","52","Sahibzada Ajit Singh Nagar","Other","3500","4500","4000"
"2023-11-23","Onion","1587","Garh Shankar","3","Punjab","38","Hoshiarpur","Other","2500","3500","3000"
"2023-11-23","Onion","1588","Tanda Urmur","3","Punjab","38","Hoshiarpur","Other","4000","4200","4100"
"2023-11-23","Onion","1183","Mansa","3","Punjab","47","Mansa","Onion","4000","7000","5000"
"2023-11-23","Onion","3106","Garh Shankar(Mahalpur)","3","Punjab","38","Hoshiarpur","Onion","2000","3000","2500"
"2023-11-23","Onion","634","Firozepur City","3","Punjab","43","Firozpur","Other","2500","3500","3000"
"2023-11-23","Onion","4444","GarhShankar (Kotfatuhi)","3","Punjab","38","Hoshiarpur","Other","2500","3500","2900"
"2023-11-23","Onion","1586","Dasuya","3","Punjab","38","Hoshiarpur","Other","3500","4400","3950"
"2023-11-23","Onion","1743","Bilga","3","Punjab","37","Jalandhar","Other","2800","3000","2900"
"2023-11-23","Onion","624","Patti","3","Punjab","50","Tarn Taran","Other","5000","6000","5500"
"2023-11-23","Onion","1733","Talwandi Sabo","3","Punjab","46","Bathinda","Other","3500","4500","4000"
"2023-11-23","Onion","647","Ropar","3","Punjab","51","Rupnagar","Other","3500","4000","3800"
"2023-11-23","Onion","1595","Doraha","3","Punjab","41","Ludhiana","Other","3500","4500","4212"
"2023-11-23","Onion","241","Muktsar","3","Punjab","44","Muktsar","Nasik","2600","4000","3300"
"2023-11-23","Onion","645","Dudhansadhan","3","Punjab","48","Patiala","Other","1500","2000","1700"
"2023-11-23","Onion","1620","Khamano","3","Punjab","40","Fatehgarh Sahib","Onion","5000","5000","5000"
"2023-11-23","Onion","643","Giddarbaha","3","Punjab","44","Muktsar","Onion","3500","4000","3800"
"2023-11-23","Onion","1574","Bhucho","3","Punjab","46","Bathinda","Other","4000","4500","4200"
"2023-11-23","Onion","1582","Dinanagar","3","Punjab","35","Gurdaspur","Other","4000","4000","4000"
"2023-11-23","Onion","1581","Zira","3","Punjab","43","Firozpur","Local","4000","5000","4500"
"2023-11-23","Onion","637","Mukerian","3","Punjab","38","Hoshiarpur","Onion","4200","4800","4500"
"2023-11-23","Onion","3100","Phillaur(Apra Mandi)","3","Punjab","37","Jalandhar","Other","4000","4000","4000"
"2023-11-23","Onion","1575","Maur","3","Punjab","46","Bathinda","Other","4300","4800","4500"
"2023-11-23","Onion","249","Malerkotla","3","Punjab","53","Sangrur","Other","3100","3600","3400"
"2023-11-22","Onion","1588","Tanda Urmur","3","Punjab","38","Hoshiarpur","Other","4000","4500","4200"
"2023-11-22","Onion","1739","F.G.Churian","3","Punjab","35","Gurdaspur","Onion","3300","3400","3350"
"2023-11-22","Onion","645","Dudhansadhan","3","Punjab","48","Patiala","Other","4500","5000","4700"
"2023-11-22","Onion","1587","Garh Shankar","3","Punjab","38","Hoshiarpur","Other","2500","3500","3000"
"2023-11-22","Onion","1773","Rayya","3","Punjab","49","Amritsar","Red","4200","4200","4200"
"2023-11-22","Onion","244","Patran","3","Punjab","48","Patiala","Other","2500","3400","3220"
"2023-11-22","Onion","3100","Phillaur(Apra Mandi)","3","Punjab","37","Jalandhar","Other","4000","4000","4000"
"2023-11-22","Onion","1595","Doraha","3","Punjab","41","Ludhiana","Other","3500","4500","4032"
"2023-11-22","Onion","1610","Rajpura","3","Punjab","48","Patiala","Local","3200","4100","3600"
"2023-11-22","Onion","1581","Zira","3","Punjab","43","Firozpur","Local","4000","5000","4500"
"2023-11-22","Onion","629","Bathinda","3","Punjab","46","Bathinda","Other","4000","4500","4000"
"2023-11-22","Onion","230","Jalalabad","3","Punjab","43","Firozpur","Other","3500","3800","3600"
"2023-11-22","Onion","624","Patti","3","Punjab","50","Tarn Taran","Other","4000","5000","4500"
"2023-11-22","Onion","643","Giddarbaha","3","Punjab","44","Muktsar","Onion","3800","4200","4000"
"2023-11-22","Onion","247","Barnala","3","Punjab","54","Barnala","Other","3000","3800","3400"
"2023-11-22","Onion","1759","Sangrur","3","Punjab","53","Sangrur","Onion","2500","3500","3000"
"2023-11-22","Onion","250","Sunam","3","Punjab","53","Sangrur","Nasik","3200","4000","3500"
"2023-11-22","Onion","640","Phagwara","3","Punjab","36","Kapurthala","Other","3320","3800","3629"
"2023-11-22","Onion","251","Bhawanigarh","3","Punjab","53","Sangrur","Other","3000","3500","3250"
"2023-11-22","Onion","647","Ropar","3","Punjab","51","Rupnagar","Other","3500","4500","4000"
"2023-11-22","Onion","242","Malout","3","Punjab","44","Muktsar","Onion","4200","4600","4400"
"2023-11-22","Onion","1612","Kharar","3","Punjab","52","Sahibzada Ajit Singh Nagar","Other","3500","4500","4000"
"2023-11-22","Onion","227","Tarantaran","3","Punjab","50","Tarn Taran","Other","3500","4500","4000"
"2023-11-22","Onion","241","Muktsar","3","Punjab","44","Muktsar","Nasik","2600","4200","3500"
"2023-11-22","Onion","2883","Amritsar(Amritsar Mewa Mandi)","3","Punjab","49","Amritsar","Onion","1200","3800","2200"
"2023-11-22","Onion","1751","Dera Bassi","3","Punjab","52","Sahibzada Ajit Singh Nagar","Other","4000","4200","4000"
"2023-11-22","Onion","1597","Ludhiana","3","Punjab","41","Ludhiana","Other","1200","4600","3100"
"2023-11-22","Onion","1600","Sahnewal","3","Punjab","41","Ludhiana","Onion","4000","4500","4200"
"2023-11-22","Onion","631","Raman","3","Punjab","46","Bathinda","Other","4300","4550","4410"
"2023-11-22","Onion","248","Dhuri","3","Punjab","53","Sangrur","Other","3700","4200","4000"
"2023-11-22","Onion","239","Baghapurana","3","Punjab","42","Moga","Medium","3500","4200","4000"
"2023-11-22","Onion","1733","Talwandi Sabo","3","Punjab","46","Bathinda","Other","3500","4200","4000"
"2023-11-22","Onion","249","Malerkotla","3","Punjab","53","Sangrur","Other","3100","3600","3400"
"2023-11-22","Onion","1732","Bhagta Bhai Ka","3","Punjab","46","Bathinda","Other","5600","5600","5600"
"2023-11-22","Onion","1618","Bassi Pathana","3","Punjab","40","Fatehgarh Sahib","Onion","4000","4500","4200"
"2023-11-22","Onion","1575","Maur","3","Punjab","46","Bathinda","Other","3500","4000","3800"
"2023-11-22","Onion","245","Samana","3","Punjab","48","Patiala","Other","3800","4200","4000"
"2023-11-22","Onion","637","Mukerian","3","Punjab","38","Hoshiarpur","Onion","4500","5500","5000"
"2023-11-22","Onion","1586","Dasuya","3","Punjab","38","Hoshiarpur","Other","3200","4500","3850"
"2023-11-22","Onion","3106","Garh Shankar(Mahalpur)","3","Punjab","38","Hoshiarpur","Onion","2800","3500","3000"
"2023-11-22","Onion","4444","GarhShankar (Kotfatuhi)","3","Punjab","38","Hoshiarpur","Other","2500","3500","3000"
"2023-11-22","Onion","639","Samrala","3","Punjab","41","Ludhiana","Other","3000","3500","3200"
"2023-11-22","Onion","1620","Khamano","3","Punjab","40","Fatehgarh Sahib","Onion","5000","5000","5000"
"2023-11-22","Onion","237","Khanna","3","Punjab","41","Ludhiana","Other","2000","4000","3000"
"2023-11-22","Onion","1183","Mansa","3","Punjab","47","Mansa","Onion","2000","5000","3500"
"2023-11-22","Onion","1181","Sirhind","3","Punjab","40","Fatehgarh Sahib","Other","3200","4500","3800"
"2023-11-22","Onion","246","Nabha","3","Punjab","48","Patiala","Other","2800","4200","3600"
"2023-11-21","Onion","248","Dhuri","3","Punjab","53","Sangrur","Other","3600","4300","3700"
"2023-11-21","Onion","249","Malerkotla","3","Punjab","53","Sangrur","Other","3000","3500","3000"
"2023-11-21","Onion","647","Ropar","3","Punjab","51","Rupnagar","Other","3000","4000","3500"
"2023-11-21","Onion","250","Sunam","3","Punjab","53","Sangrur","Nasik","3200","4000","3500"
"2023-11-21","Onion","624","Patti","3","Punjab","50","Tarn Taran","Other","4000","4800","4500"
"2023-11-21","Onion","1612","Kharar","3","Punjab","52","Sahibzada Ajit Singh Nagar","Other","4000","4500","4200"
"2023-11-21","Onion","2883","Amritsar(Amritsar Mewa Mandi)","3","Punjab","49","Amritsar","Onion","1200","3900","2300"
"2023-11-21","Onion","227","Tarantaran","3","Punjab","50","Tarn Taran","Other","4000","5000","4500"
"2023-11-21","Onion","1586","Dasuya","3","Punjab","38","Hoshiarpur","Other","3500","4500","4000"
"2023-11-21","Onion","1733","Talwandi Sabo","3","Punjab","46","Bathinda","Other","3000","4000","3500"
"2023-11-21","Onion","1751","Dera Bassi","3","Punjab","52","Sahibzada Ajit Singh Nagar","Other","4000","4200","4200"
"2023-11-21","Onion","1773","Rayya","3","Punjab","49","Amritsar","Red","4200","4200","4200"
"2023-11-21","Onion","1600","Sahnewal","3","Punjab","41","Ludhiana","Onion","4500","4500","4500"
"2023-11-21","Onion","1597","Ludhiana","3","Punjab","41","Ludhiana","Other","1200","4600","3100"
"2023-11-21","Onion","1757","Lehra Gaga","3","Punjab","53","Sangrur","Other","3800","3800","3800"
"2023-11-21","Onion","1181","Sirhind","3","Punjab","40","Fatehgarh Sahib","Other","3500","5000","4000"
"2023-11-21","Onion","645","Dudhansadhan","3","Punjab","48","Patiala","Other","4600","4800","4700"
"2023-11-21","Onion","246","Nabha","3","Punjab","48","Patiala","Other","2400","4000","3500"
"2023-11-21","Onion","637","Mukerian","3","Punjab","38","Hoshiarpur","Onion","4500","5200","4800"
"2023-11-21","Onion","1183","Mansa","3","Punjab","47","Mansa","Onion","2000","4000","3000"
"2023-11-21","Onion","643","Giddarbaha","3","Punjab","44","Muktsar","Onion","4000","4500","4200"
"2023-11-21","Onion","1574","Bhucho","3","Punjab","46","Bathinda","Other","3500","4000","3800"
"2023-11-21","Onion","631","Raman","3","Punjab","46","Bathinda","Other","4570","4900","4750"
"2023-11-21","Onion","230","Jalalabad","3","Punjab","43","Firozpur","Other","3700","4000","3800"
"2023-11-21","Onion","634","Firozepur City","3","Punjab","43","Firozpur","Other","3500","4000","3750"
"2023-11-21","Onion","1595","Doraha","3","Punjab","41","Ludhiana","Other","3500","4500","3896"
"2023-11-21","Onion","1582","Dinanagar","3","Punjab","35","Gurdaspur","Other","3000","4000","4000"
"2023-11-21","Onion","1581","Zira","3","Punjab","43","Firozpur","Local","4200","5000","4600"
"2023-11-21","Onion","1575","Maur","3","Punjab","46","Bathinda","Other","3500","3700","3600"
"2023-11-21","Onion","1620","Khamano","3","Punjab","40","Fatehgarh Sahib","Onion","5000","5000","5000"
"2023-11-21","Onion","244","Patran","3","Punjab","48","Patiala","Other","1800","3500","2970"
"2023-11-21","Onion","1732","Bhagta Bhai Ka","3","Punjab","46","Bathinda","Other","5500","5500","5500"
"2023-11-21","Onion","3100","Phillaur(Apra Mandi)","3","Punjab","37","Jalandhar","Other","3500","3500","3500"
"2023-11-21","Onion","639","Samrala","3","Punjab","41","Ludhiana","Other","3000","3600","3200"
"2023-11-21","Onion","640","Phagwara","3","Punjab","36","Kapurthala","Other","3175","3921","3644"
"2023-11-21","Onion","251","Bhawanigarh","3","Punjab","53","Sangrur","Other","3500","3700","3600"
"2023-11-21","Onion","237","Khanna","3","Punjab","41","Ludhiana","Other","2000","4000","3000"
"2023-11-21","Onion","1610","Rajpura","3","Punjab","48","Patiala","Local","3000","3840","3450"
"2023-11-21","Onion","3106","Garh Shankar(Mahalpur)","3","Punjab","38","Hoshiarpur","Onion","2800","3500","3000"
"2023-11-21","Onion","1618","Bassi Pathana","3","Punjab","40","Fatehgarh Sahib","Onion","4000","4200","4100"
"2023-11-21","Onion","1587","Garh Shankar","3","Punjab","38","Hoshiarpur","Other","2500","3500","3000"
"2023-11-21","Onion","641","Budalada","3","Punjab","47","Mansa","Other","4000","4700","4300"
"2023-11-20","Onion","1759","Sangrur","3","Punjab","53","Sangrur","Onion","2500","4000","3000"
"2023-11-20","Onion","647","Ropar","3","Punjab","51","Rupnagar","Other","3000","4000","3500"
"2023-11-20","Onion","227","Tarantaran","3","Punjab","50","Tarn Taran","Other","4000","4500","4200"
"2023-11-20","Onion","1732","Bhagta Bhai Ka","3","Punjab","46","Bathinda","Other","5600","5600","5600"
"2023-11-20","Onion","1773","Rayya","3","Punjab","49","Amritsar","Red","4100","4100","4100"
"2023-11-20","Onion","1575","Maur","3","Punjab","46","Bathinda","Other","3500","3700","3600"
"2023-11-20","Onion","1574","Bhucho","3","Punjab","46","Bathinda","Other","3000","3500","3200"
"2023-11-20","Onion","822","Lalru","3","Punjab","52","Sahibzada Ajit Singh Nagar","Other","2000","2000","2000"
"2023-11-20","Onion","3100","Phillaur(Apra Mandi)","3","Punjab","37","Jalandhar","Other","3500","3500","3500"
"2023-11-20","Onion","1586","Dasuya","3","Punjab","38","Hoshiarpur","Other","3500","4400","3950"
"2023-11-20","Onion","251","Bhawanigarh","3","Punjab","53","Sangrur","Other","3500","4000","3750"
"2023-11-20","Onion","1739","F.G.Churian","3","Punjab","35","Gurdaspur","Onion","3600","3800","3700"
"2023-11-20","Onion","1610","Rajpura","3","Punjab","48","Patiala","Local","3000","3800","3400"
"2023-11-20","Onion","1595","Doraha","3","Punjab","41","Ludhiana","Other","3500","4500","4123"
"2023-11-20","Onion","1597","Ludhiana","3","Punjab","41","Ludhiana","Other","1200","4600","3100"
"2023-11-20","Onion","1620","Khamano","3","Punjab","40","Fatehgarh Sahib","Onion","5500","5500","5500"
"2023-11-20","Onion","230","Jalalabad","3","Punjab","43","Firozpur","Other","3800","4000","3900"
"2023-11-20","Onion","237","Khanna","3","Punjab","41","Ludhiana","Other","2000","4000","3000"
"2023-11-20","Onion","643","Giddarbaha","3","Punjab","44","Muktsar","Onion","4000","4500","4200"
"2023-11-20","Onion","1181","Sirhind","3","Punjab","40","Fatehgarh Sahib","Other","3500","5000","4000"
"2023-11-20","Onion","1581","Zira","3","Punjab","43","Firozpur","Local","4200","5000","4600"
"2023-11-20","Onion","637","Mukerian","3","Punjab","38","Hoshiarpur","Onion","4500","5200","4800"
"2023-11-20","Onion","631","Raman","3","Punjab","46","Bathinda","Other","4500","4900","4760"
"2023-11-20","Onion","3106","Garh Shankar(Mahalpur)","3","Punjab","38","Hoshiarpur","Onion","2500","3500","3000"
"2023-11-20","Onion","1587","Garh Shankar","3","Punjab","38","Hoshiarpur","Other","2500","3500","3000"
"2023-11-20","Onion","629","Bathinda","3","Punjab","46","Bathinda","Other","4000","4500","4000"
"2023-11-20","Onion","1751","Dera Bassi","3","Punjab","52","Sahibzada Ajit Singh Nagar","Other","4000","4400","4200"
"2023-11-20","Onion","4444","GarhShankar (Kotfatuhi)","3","Punjab","38","Hoshiarpur","Other","2500","3500","3000"
"2023-11-20","Onion","1618","Bassi Pathana","3","Punjab","40","Fatehgarh Sahib","Onion","4000","4200","4100"
"2023-11-20","Onion","624","Patti","3","Punjab","50","Tarn Taran","Other","4500","5000","4800"
"2023-11-20","Onion","246","Nabha","3","Punjab","48","Patiala","Other","2700","4400","3600"
"2023-11-20","Onion","2883","Amritsar(Amritsar Mewa Mandi)","3","Punjab","49","Amritsar","Onion","1200","4600","2200"
"2023-11-20","Onion","1757","Lehra Gaga","3","Punjab","53","Sangrur","Other","4300","4300","4300"
"2023-11-20","Onion","1183","Mansa","3","Punjab","47","Mansa","Onion","4000","6000","5000"
"2023-11-20","Onion","242","Malout","3","Punjab","44","Muktsar","Onion","4100","4500","4300"
"2023-11-20","Onion","248","Dhuri","3","Punjab","53","Sangrur","Other","3500","4200","3700"
"2023-11-20","Onion","250","Sunam","3","Punjab","53","Sangrur","Nasik","3200","4000","3500"
"2023-11-19","Onion","1602","Dharamkot","3","Punjab","42","Moga","Other","2000","2000","2000"
"2023-11-19","Onion","1732","Bhagta Bhai Ka","3","Punjab","46","Bathinda","Other","5500","5500","5500"
"2023-11-19","Onion","1610","Rajpura","3","Punjab","48","Patiala","Local","3000","3850","3500"
"2023-11-19","Onion","3100","Phillaur(Apra Mandi)","3","Punjab","37","Jalandhar","Other","2000","2000","2000"
"2023-11-19","Onion","250","Sunam","3","Punjab","53","Sangrur","Nasik","3200","4000","3500"
"2023-11-19","Onion","1751","Dera Bassi","3","Punjab","52","Sahibzada Ajit Singh Nagar","Other","4000","4400","4200"
"2023-11-19","Onion","248","Dhuri","3","Punjab","53","Sangrur","Other","3600","4200","3700"
"2023-11-19","Onion","227","Tarantaran","3","Punjab","50","Tarn Taran","Other","4000","5000","4500"
"2023-11-19","Onion","624","Patti","3","Punjab","50","Tarn Taran","Other","2000","2400","2200"
"2023-11-19","Onion","645","Dudhansadhan","3","Punjab","48","Patiala","Other","4800","5000","4900"
"2023-11-19","Onion","1612","Kharar","3","Punjab","52","Sahibzada Ajit Singh Nagar","Other","4000","4800","4400"
"2023-11-19","Onion","1183","Mansa","3","Punjab","47","Mansa","Onion","4500","6000","5000"
"2023-11-19","Onion","641","Budalada","3","Punjab","47","Mansa","Other","4500","5000","4800"
"2023-11-19","Onion","1597","Ludhiana","3","Punjab","41","Ludhiana","Other","1200","4600","3100"
"2023-11-19","Onion","1733","Talwandi Sabo","3","Punjab","46","Bathinda","Other","3500","4800","4000"
"2023-11-18","Onion","1602","Dharamkot","3","Punjab","42","Moga","Other","4000","4000","4000"
"2023-11-18","Onion","1610","Rajpura","3","Punjab","48","Patiala","Local","3000","3800","3500"
"2023-11-18","Onion","251","Bhawanigarh","3","Punjab","53","Sangrur","Other","3000","4000","3500"
"2023-11-18","Onion","1751","Dera Bassi","3","Punjab","52","Sahibzada Ajit Singh Nagar","Other","4500","4700","4700"
"2023-11-18","Onion","248","Dhuri","3","Punjab","53","Sangrur","Other","3500","4200","3700"
"2023-11-18","Onion","247","Barnala","3","Punjab","54","Barnala","Other","2900","4650","3775"
"2023-11-18","Onion","624","Patti","3","Punjab","50","Tarn Taran","Other","2000","2500","2200"
"2023-11-18","Onion","1612","Kharar","3","Punjab","52","Sahibzada Ajit Singh Nagar","Other","4000","4600","4400"
"2023-11-18","Onion","250","Sunam","3","Punjab","53","Sangrur","Nasik","3200","4000","3500"
"2023-11-18","Onion","1183","Mansa","3","Punjab","47","Mansa","Onion","4500","6000","5000"
"2023-11-18","Onion","244","Patran","3","Punjab","48","Patiala","Other","2300","3500","3120"
"2023-11-18","Onion","1733","Talwandi Sabo","3","Punjab","46","Bathinda","Other","4000","4500","4200"
"2023-11-18","Onion","245","Samana","3","Punjab","48","Patiala","Other","3000","3700","3400"
"2023-11-18","Onion","645","Dudhansadhan","3","Punjab","48","Patiala","Other","4800","5000","4900"
"2023-11-18","Onion","1732","Bhagta Bhai Ka","3","Punjab","46","Bathinda","Other","5500","5500","5500"
"2023-11-18","Onion","241","Muktsar","3","Punjab","44","Muktsar","Nasik","2500","4000","3500"
"2023-11-18","Onion","643","Giddarbaha","3","Punjab","44","Muktsar","Onion","4000","4500","4200"
"2023-11-18","Onion","1581","Zira","3","Punjab","43","Firozpur","Local","4200","5000","4600"
"2023-11-18","Onion","631","Raman","3","Punjab","46","Bathinda","Other","4800","5000","4940"
"2023-11-18","Onion","1597","Ludhiana","3","Punjab","41","Ludhiana","Other","1200","4600","3100"
"2023-11-18","Onion","1574","Bhucho","3","Punjab","46","Bathinda","Other","3200","3800","3500"
"2023-11-18","Onion","1575","Maur","3","Punjab","46","Bathinda","Other","4600","5000","4800"
"2023-11-18","Onion","227","Tarantaran","3","Punjab","50","Tarn Taran","Other","4000","4800","4500"
"2023-11-18","Onion","639","Samrala","3","Punjab","41","Ludhiana","Other","4000","4500","4200"
"2023-11-18","Onion","1595","Doraha","3","Punjab","41","Ludhiana","Other","4000","4500","4333"
"2023-11-18","Onion","230","Jalalabad","3","Punjab","43","Firozpur","Other","3500","3800","3600"
"2023-11-18","Onion","629","Bathinda","3","Punjab","46","Bathinda","Other","4800","5000","4800"
"2023-11-18","Onion","3100","Phillaur(Apra Mandi)","3","Punjab","37","Jalandhar","Other","3500","3500","3500"
"2023-11-18","Onion","637","Mukerian","3","Punjab","38","Hoshiarpur","Onion","4200","5200","4800"
"2023-11-18","Onion","3106","Garh Shankar(Mahalpur)","3","Punjab","38","Hoshiarpur","Onion","2500","3500","3000"
"2023-11-18","Onion","1618","Bassi Pathana","3","Punjab","40","Fatehgarh Sahib","Onion","4000","4500","4200"
"2023-11-18","Onion","1739","F.G.Churian","3","Punjab","35","Gurdaspur","Onion","2200","2400","2300"
"2023-11-18","Onion","640","Phagwara","3","Punjab","36","Kapurthala","Other","3000","3790","3265"
"2023-11-18","Onion","1181","Sirhind","3","Punjab","40","Fatehgarh Sahib","Other","3500","4500","4000"
"2023-11-18","Onion","1773","Rayya","3","Punjab","49","Amritsar","Red","4100","4100","4100"
"2023-11-18","Onion","2883","Amritsar(Amritsar Mewa Mandi)","3","Punjab","49","Amritsar","Onion","1200","3600","2400"
"2023-11-18","Onion","237","Khanna","3","Punjab","41","Ludhiana","Other","2000","4000","3000"
"2023-11-18","Onion","1620","Khamano","3","Punjab","40","Fatehgarh Sahib","Onion","5000","5000","5000"
"2023-11-17","Onion","624","Patti","3","Punjab","50","Tarn Taran","Other","2000","2500","2200"
"2023-11-17","Onion","1612","Kharar","3","Punjab","52","Sahibzada Ajit Singh Nagar","Other","4000","4600","4400"
"2023-11-17","Onion","1751","Dera Bassi","3","Punjab","52","Sahibzada Ajit Singh Nagar","Other","4200","4500","4500"
"2023-11-17","Onion","244","Patran","3","Punjab","48","Patiala","Other","2500","3600","3230"
"2023-11-17","Onion","249","Malerkotla","3","Punjab","53","Sangrur","Other","3000","3500","3000"
"2023-11-17","Onion","248","Dhuri","3","Punjab","53","Sangrur","Other","3600","4200","3700"
"2023-11-17","Onion","250","Sunam","3","Punjab","53","Sangrur","Nasik","3200","4000","3500"
"2023-11-17","Onion","1600","Sahnewal","3","Punjab","41","Ludhiana","Onion","4500","4500","4500"
"2023-11-17","Onion","645","Dudhansadhan","3","Punjab","48","Patiala","Other","4800","5500","5000"
"2023-11-17","Onion","1610","Rajpura","3","Punjab","48","Patiala","Local","3000","3580","3300"
"2023-11-17","Onion","1732","Bhagta Bhai Ka","3","Punjab","46","Bathinda","Other","5700","5700","5700"
"2023-11-17","Onion","641","Budalada","3","Punjab","47","Mansa","Other","4500","5200","5000"
"2023-11-17","Onion","1574","Bhucho","3","Punjab","46","Bathinda","Other","3200","3800","3500"
"2023-11-17","Onion","1183","Mansa","3","Punjab","47","Mansa","Onion","4500","6000","5000"
"2023-11-17","Onion","1773","Rayya","3","Punjab","49","Amritsar","Red","4200","4200","4200"
"2023-11-17","Onion","634","Firozepur City","3","Punjab","43","Firozpur","Other","3000","4500","3750"
"2023-11-17","Onion","1581","Zira","3","Punjab","43","Firozpur","Local","4200","5000","4600"
"2023-11-17","Onion","230","Jalalabad","3","Punjab","43","Firozpur","Other","3400","3700","3500"
"2023-11-17","Onion","242","Malout","3","Punjab","44","Muktsar","Onion","800","1200","1000"
"2023-11-17","Onion","629","Bathinda","3","Punjab","46","Bathinda","Other","4000","4500","4000"
"2023-11-17","Onion","1602","Dharamkot","3","Punjab","42","Moga","Other","4000","4000","4000"
"2023-11-17","Onion","1595","Doraha","3","Punjab","41","Ludhiana","Other","4000","4500","4300"
"2023-11-17","Onion","2883","Amritsar(Amritsar Mewa Mandi)","3","Punjab","49","Amritsar","Onion","1200","4400","2200"
"2023-11-17","Onion","239","Baghapurana","3","Punjab","42","Moga","Medium","3500","4500","4000"
"2023-11-17","Onion","251","Bhawanigarh","3","Punjab","53","Sangrur","Other","3500","3500","3500"
"2023-11-17","Onion","227","Tarantaran","3","Punjab","50","Tarn Taran","Other","4000","5000","4500"
"2023-11-17","Onion","1597","Ludhiana","3","Punjab","41","Ludhiana","Other","1200","4600","3100"
"2023-11-17","Onion","631","Raman","3","Punjab","46","Bathinda","Other","4500","4860","4700"
"2023-11-17","Onion","245","Samana","3","Punjab","48","Patiala","Other","3200","3700","3500"
"2023-11-17","Onion","247","Barnala","3","Punjab","54","Barnala","Other","3000","4700","3850"
"2023-11-17","Onion","1757","Lehra Gaga","3","Punjab","53","Sangrur","Other","4200","4200","4200"
"2023-11-17","Onion","1620","Khamano","3","Punjab","40","Fatehgarh Sahib","Onion","5500","5500","5500"
"2023-11-17","Onion","237","Khanna","3","Punjab","41","Ludhiana","Other","2000","4000","3000"
"2023-11-17","Onion","1181","Sirhind","3","Punjab","40","Fatehgarh Sahib","Other","3500","5000","4000"
"2023-11-17","Onion","1618","Bassi Pathana","3","Punjab","40","Fatehgarh Sahib","Onion","4000","4500","4200"
"2023-11-17","Onion","1739","F.G.Churian","3","Punjab","35","Gurdaspur","Onion","2600","2800","2700"
"2023-11-17","Onion","640","Phagwara","3","Punjab","36","Kapurthala","Other","2800","4146","3300"
"2023-11-17","Onion","637","Mukerian","3","Punjab","38","Hoshiarpur","Onion","4500","5200","4800"
"2023-11-17","Onion","1587","Garh Shankar","3","Punjab","38","Hoshiarpur","Other","2500","3300","3000"
"2023-11-17","Onion","1588","Tanda Urmur","3","Punjab","38","Hoshiarpur","Other","4200","4600","4400"
"2023-11-17","Onion","3106","Garh Shankar(Mahalpur)","3","Punjab","38","Hoshiarpur","Onion","3000","3800","3500"
"2023-11-17","Onion","4444","GarhShankar (Kotfatuhi)","3","Punjab","38","Hoshiarpur","Other","2500","3500","3000"
"2023-11-17","Onion","1582","Dinanagar","3","Punjab","35","Gurdaspur","Other","4000","4500","4500"
"2023-11-16","Onion","1610","Rajpura","3","Punjab","48","Patiala","Local","3000","3810","3500"
"2023-11-16","Onion","244","Patran","3","Punjab","48","Patiala","Other","3200","3500","3340"
"2023-11-16","Onion","645","Dudhansadhan","3","Punjab","48","Patiala","Other","4800","5000","4900"
"2023-11-16","Onion","1732","Bhagta Bhai Ka","3","Punjab","46","Bathinda","Other","4900","4900","4900"
"2023-11-16","Onion","2883","Amritsar(Amritsar Mewa Mandi)","3","Punjab","49","Amritsar","Onion","1200","3900","2400"
"2023-11-16","Onion","1773","Rayya","3","Punjab","49","Amritsar","Red","4100","4100","4100"
"2023-11-16","Onion","227","Tarantaran","3","Punjab","50","Tarn Taran","Other","4000","5000","4500"
"2023-11-16","Onion","624","Patti","3","Punjab","50","Tarn Taran","Other","2000","2800","2500"
"2023-11-16","Onion","242","Malout","3","Punjab","44","Muktsar","Onion","4000","4300","4200"
"2023-11-16","Onion","1618","Bassi Pathana","3","Punjab","40","Fatehgarh Sahib","Onion","4200","4400","4300"
"2023-11-16","Onion","1181","Sirhind","3","Punjab","40","Fatehgarh Sahib","Other","3500","4800","4200"
"2023-11-16","Onion","239","Baghapurana","3","Punjab","42","Moga","Medium","3500","4200","4000"
"2023-11-16","Onion","1597","Ludhiana","3","Punjab","41","Ludhiana","Other","1200","4600","3100"
"2023-11-16","Onion","3106","Garh Shankar(Mahalpur)","3","Punjab","38","Hoshiarpur","Onion","3000","3800","3500"
"2023-11-16","Onion","1602","Dharamkot","3","Punjab","42","Moga","Other","2500","2500","2500"
"2023-11-16","Onion","4444","GarhShankar (Kotfatuhi)","3","Punjab","38","Hoshiarpur","Other","2500","3500","3000"
"2023-11-16","Onion","1587","Garh Shankar","3","Punjab","38","Hoshiarpur","Other","2500","3500","3200"
"2023-11-16","Onion","1739","F.G.Churian","3","Punjab","35","Gurdaspur","Onion","3600","3800","3700"
"2023-11-16","Onion","1582","Dinanagar","3","Punjab","35","Gurdaspur","Other","4000","4500","4500"
"2023-11-16","Onion","640","Phagwara","3","Punjab","36","Kapurthala","Other","3300","4100","3800"
"2023-11-16","Onion","230","Jalalabad","3","Punjab","43","Firozpur","Other","3300","3500","3400"
"2023-11-16","Onion","3100","Phillaur(Apra Mandi)","3","Punjab","37","Jalandhar","Other","4000","4000","4000"
"2023-11-16","Onion","643","Giddarbaha","3","Punjab","44","Muktsar","Onion","4000","4500","4200"
"2023-11-16","Onion","1581","Zira","3","Punjab","43","Firozpur","Local","4200","5000","4600"
"2023-11-16","Onion","1183","Mansa","3","Punjab","47","Mansa","Onion","2000","4000","3000"
"2023-11-16","Onion","1575","Maur","3","Punjab","46","Bathinda","Other","4600","5000","4800"
"2023-11-16","Onion","1733","Talwandi Sabo","3","Punjab","46","Bathinda","Other","4000","4500","4200"
"2023-11-16","Onion","629","Bathinda","3","Punjab","46","Bathinda","Other","900","1600","900"
"2023-11-16","Onion","641","Budalada","3","Punjab","47","Mansa","Other","4900","5500","5200"
"2023-11-16","Onion","247","Barnala","3","Punjab","54","Barnala","Other","3000","4000","3500"
"2023-11-16","Onion","1759","Sangrur","3","Punjab","53","Sangrur","Onion","2500","4000","3000"
"2023-11-16","Onion","250","Sunam","3","Punjab","53","Sangrur","Nasik","3200","4000","3500"
"2023-11-16","Onion","251","Bhawanigarh","3","Punjab","53","Sangrur","Other","3500","3500","3500"
"2023-11-16","Onion","248","Dhuri","3","Punjab","53","Sangrur","Other","3500","4000","3750"
"2023-11-16","Onion","1612","Kharar","3","Punjab","52","Sahibzada Ajit Singh Nagar","Other","4000","4600","4400"
"2023-11-16","Onion","1751","Dera Bassi","3","Punjab","52","Sahibzada Ajit Singh Nagar","Other","4000","4500","4500"
"2023-11-15","Onion","631","Raman","3","Punjab","46","Bathinda","Other","4000","4460","4230"
"2023-11-15","Onion","230","Jalalabad","3","Punjab","43","Firozpur","Other","4200","4500","4300"
"2023-11-15","Onion","1581","Zira","3","Punjab","43","Firozpur","Local","4200","5000","4600"
"2023-11-15","Onion","1602","Dharamkot","3","Punjab","42","Moga","Other","4000","5000","5000"
"2023-11-15","Onion","634","Firozepur City","3","Punjab","43","Firozpur","Other","2500","3500","3000"
"2023-11-15","Onion","1575","Maur","3","Punjab","46","Bathinda","Other","5200","5500","5400"
"2023-11-15","Onion","1620","Khamano","3","Punjab","40","Fatehgarh Sahib","Onion","5500","5500","5500"
"2023-11-15","Onion","1574","Bhucho","3","Punjab","46","Bathinda","Other","3200","3800","3500"
"2023-11-15","Onion","237","Khanna","3","Punjab","41","Ludhiana","Other","2000","4000","3000"
"2023-11-15","Onion","242","Malout","3","Punjab","44","Muktsar","Onion","3800","4200","4000"
"2023-11-15","Onion","629","Bathinda","3","Punjab","46","Bathinda","Other","4000","4500","4000"
"2023-11-15","Onion","643","Giddarbaha","3","Punjab","44","Muktsar","Onion","4000","4200","4200"
"2023-11-15","Onion","1181","Sirhind","3","Punjab","40","Fatehgarh Sahib","Other","3500","4500","4000"
"2023-11-15","Onion","1732","Bhagta Bhai Ka","3","Punjab","46","Bathinda","Other","5000","5000","5000"
"2023-11-15","Onion","247","Barnala","3","Punjab","54","Barnala","Other","3000","4300","3650"
"2023-11-15","Onion","251","Bhawanigarh","3","Punjab","53","Sangrur","Other","3000","3500","3250"
"2023-11-15","Onion","1757","Lehra Gaga","3","Punjab","53","Sangrur","Other","4500","4500","4500"
"2023-11-15","Onion","248","Dhuri","3","Punjab","53","Sangrur","Other","3800","4100","3900"
"2023-11-15","Onion","250","Sunam","3","Punjab","53","Sangrur","Nasik","3000","4000","3500"
"2023-11-15","Onion","249","Malerkotla","3","Punjab","53","Sangrur","Other","3000","4000","3500"
"2023-11-15","Onion","1739","F.G.Churian","3","Punjab","35","Gurdaspur","Onion","2700","2900","2800"
"2023-11-15","Onion","640","Phagwara","3","Punjab","36","Kapurthala","Other","3270","4209","4209"
"2023-11-15","Onion","3100","Phillaur(Apra Mandi)","3","Punjab","37","Jalandhar","Other","4000","4000","4000"
"2023-11-15","Onion","1582","Dinanagar","3","Punjab","35","Gurdaspur","Other","4000","4500","4500"
"2023-11-15","Onion","637","Mukerian","3","Punjab","38","Hoshiarpur","Onion","4500","5500","4800"
"2023-11-15","Onion","1586","Dasuya","3","Punjab","38","Hoshiarpur","Other","3500","4500","4000"
"2023-11-15","Onion","1587","Garh Shankar","3","Punjab","38","Hoshiarpur","Other","2500","3500","3000"
"2023-11-15","Onion","1588","Tanda Urmur","3","Punjab","38","Hoshiarpur","Other","4000","4500","4300"
"2023-11-15","Onion","1612","Kharar","3","Punjab","52","Sahibzada Ajit Singh Nagar","Other","4000","4600","4400"
"2023-11-15","Onion","1733","Talwandi Sabo","3","Punjab","46","Bathinda","Other","3500","4200","3800"
"2023-11-15","Onion","246","Nabha","3","Punjab","48","Patiala","Other","2700","4300","3600"
"2023-11-15","Onion","1183","Mansa","3","Punjab","47","Mansa","Onion","3000","5000","4000"
"2023-11-15","Onion","1773","Rayya","3","Punjab","49","Amritsar","Red","4400","4400","4400"
"2023-11-15","Onion","227","Tarantaran","3","Punjab","50","Tarn Taran","Other","4000","5000","4500"
"2023-11-15","Onion","647","Ropar","3","Punjab","51","Rupnagar","Other","4000","4000","4000"
"2023-11-15","Onion","1618","Bassi Pathana","3","Punjab","40","Fatehgarh Sahib","Onion","4000","4200","4100"
"2023-11-15","Onion","624","Patti","3","Punjab","50","Tarn Taran","Other","1500","2000","1800"
"2023-11-15","Onion","4444","GarhShankar (Kotfatuhi)","3","Punjab","38","Hoshiarpur","Other","2500","3500","3000"
"2023-11-15","Onion","822","Lalru","3","Punjab","52","Sahibzada Ajit Singh Nagar","Other","3800","4000","4000"
"2023-11-15","Onion","1597","Ludhiana","3","Punjab","41","Ludhiana","Other","1200","4500","3100"
"2023-11-14","Onion","1597","Ludhiana","3","Punjab","41","Ludhiana","Other","1200","4500","3100"
"2023-11-14","Onion","1600","Sahnewal","3","Punjab","41","Ludhiana","Onion","4000","4000","4000"
"2023-11-14","Onion","1595","Doraha","3","Punjab","41","Ludhiana","Other","4000","4500","4212"
"2023-11-14","Onion","230","Jalalabad","3","Punjab","43","Firozpur","Other","4500","4800","4600"
"2023-11-14","Onion","1620","Khamano","3","Punjab","40","Fatehgarh Sahib","Onion","5500","5500","5500"
"2023-11-14","Onion","1618","Bassi Pathana","3","Punjab","40","Fatehgarh Sahib","Onion","4000","5000","4500"
"2023-11-14","Onion","639","Samrala","3","Punjab","41","Ludhiana","Other","4000","4500","4200"
"2023-11-14","Onion","634","Firozepur City","3","Punjab","43","Firozpur","Other","2500","3500","3000"
"2023-11-14","Onion","237","Khanna","3","Punjab","41","Ludhiana","Other","2000","4000","3000"
"2023-11-14","Onion","1587","Garh Shankar","3","Punjab","38","Hoshiarpur","Other","2500","3200","2800"
"2023-11-14","Onion","1586","Dasuya","3","Punjab","38","Hoshiarpur","Other","4200","5200","4700"
"2023-11-14","Onion","3106","Garh Shankar(Mahalpur)","3","Punjab","38","Hoshiarpur","Onion","3000","3800","3500"
"2023-11-14","Onion","637","Mukerian","3","Punjab","38","Hoshiarpur","Onion","4500","5200","4800"
"2023-11-14","Onion","1181","Sirhind","3","Punjab","40","Fatehgarh Sahib","Other","3200","4500","4000"
"2023-11-14","Onion","1581","Zira","3","Punjab","43","Firozpur","Local","4200","5000","4600"
"2023-11-14","Onion","1582","Dinanagar","3","Punjab","35","Gurdaspur","Other","4000","4500","4500"
"2023-11-14","Onion","3100","Phillaur(Apra Mandi)","3","Punjab","37","Jalandhar","Other","4500","4500","4500"
"2023-11-14","Onion","640","Phagwara","3","Punjab","36","Kapurthala","Other","3332","7500","4424"
"2023-11-14","Onion","251","Bhawanigarh","3","Punjab","53","Sangrur","Other","3800","3800","3800"
"2023-11-14","Onion","249","Malerkotla","3","Punjab","53","Sangrur","Other","3000","4000","3500"
"2023-11-14","Onion","1757","Lehra Gaga","3","Punjab","53","Sangrur","Other","4000","4000","4000"
"2023-11-14","Onion","822","Lalru","3","Punjab","52","Sahibzada Ajit Singh Nagar","Other","2700","5000","3000"
"2023-11-14","Onion","1612","Kharar","3","Punjab","52","Sahibzada Ajit Singh Nagar","Other","4000","4600","4500"
"2023-11-14","Onion","1751","Dera Bassi","3","Punjab","52","Sahibzada Ajit Singh Nagar","Other","4000","4500","4500"
"2023-11-14","Onion","624","Patti","3","Punjab","50","Tarn Taran","Other","2000","2800","2500"
"2023-11-14","Onion","248","Dhuri","3","Punjab","53","Sangrur","Other","3800","4100","3900"
"2023-11-14","Onion","647","Ropar","3","Punjab","51","Rupnagar","Other","4000","5000","4000"
"2023-11-14","Onion","4444","GarhShankar (Kotfatuhi)","3","Punjab","38","Hoshiarpur","Other","2500","3500","2800"
"2023-11-14","Onion","1732","Bhagta Bhai Ka","3","Punjab","46","Bathinda","Other","4900","4900","4900"
"2023-11-14","Onion","641","Budalada","3","Punjab","47","Mansa","Other","4700","5500","5000"
"2023-11-14","Onion","246","Nabha","3","Punjab","48","Patiala","Other","2800","4400","3800"
"2023-11-14","Onion","1183","Mansa","3","Punjab","47","Mansa","Onion","3000","5000","4000"
"2023-11-14","Onion","241","Muktsar","3","Punjab","44","Muktsar","Nasik","3500","4500","4000"
"2023-11-14","Onion","242","Malout","3","Punjab","44","Muktsar","Onion","4000","4300","4200"
"2023-11-14","Onion","629","Bathinda","3","Punjab","46","Bathinda","Other","4000","4500","4000"
"2023-11-14","Onion","631","Raman","3","Punjab","46","Bathinda","Other","3800","4240","4030"
"2023-11-14","Onion","1773","Rayya","3","Punjab","49","Amritsar","Red","4500","4500","4500"
"2023-11-14","Onion","1574","Bhucho","3","Punjab","46","Bathinda","Other","3000","3500","3200"
"2023-11-14","Onion","2883","Amritsar(Amritsar Mewa Mandi)","3","Punjab","49","Amritsar","Onion","1500","4000","2500"
"2023-11-14","Onion","227","Tarantaran","3","Punjab","50","Tarn Taran","Other","4000","5000","4500"
"2023-11-13","Onion","640","Phagwara","3","Punjab","36","Kapurthala","Other","3458","3834","3834"
"2023-11-13","Onion","249","Malerkotla","3","Punjab","53","Sangrur","Other","3000","4000","3500"
"2023-11-13","Onion","3106","Garh Shankar(Mahalpur)","3","Punjab","38","Hoshiarpur","Onion","3000","3600","3500"
"2023-11-13","Onion","1586","Dasuya","3","Punjab","38","Hoshiarpur","Other","4000","5000","4500"
"2023-11-13","Onion","1181","Sirhind","3","Punjab","40","Fatehgarh Sahib","Other","4000","5500","4500"
"2023-11-13","Onion","1751","Dera Bassi","3","Punjab","52","Sahibzada Ajit Singh Nagar","Other","4000","4500","4500"
"2023-11-13","Onion","237","Khanna","3","Punjab","41","Ludhiana","Other","2000","4000","3000"
"2023-11-13","Onion","1595","Doraha","3","Punjab","41","Ludhiana","Other","4000","4600","4239"
"2023-11-13","Onion","248","Dhuri","3","Punjab","53","Sangrur","Other","3800","4200","4000"
"2023-11-13","Onion","251","Bhawanigarh","3","Punjab","53","Sangrur","Other","3800","4000","3900"
"2023-11-13","Onion","639","Samrala","3","Punjab","41","Ludhiana","Other","4000","4500","4200"
"2023-11-13","Onion","647","Ropar","3","Punjab","51","Rupnagar","Other","4000","4500","4200"
"2023-11-13","Onion","624","Patti","3","Punjab","50","Tarn Taran","Other","2500","3000","2800"
"2023-11-13","Onion","1759","Sangrur","3","Punjab","53","Sangrur","Onion","2500","4000","3000"
"2023-11-13","Onion","230","Jalalabad","3","Punjab","43","Firozpur","Other","4200","4700","4500"
"2023-11-13","Onion","247","Barnala","3","Punjab","54","Barnala","Other","2200","4000","3100"
"2023-11-13","Onion","645","Dudhansadhan","3","Punjab","48","Patiala","Other","6000","6500","6200"
"2023-11-13","Onion","227","Tarantaran","3","Punjab","50","Tarn Taran","Other","4000","5000","4500"
"2023-11-13","Onion","244","Patran","3","Punjab","48","Patiala","Other","1000","3800","3230"
"2023-11-13","Onion","245","Samana","3","Punjab","48","Patiala","Other","2800","3600","3200"
"2023-11-13","Onion","1732","Bhagta Bhai Ka","3","Punjab","46","Bathinda","Other","5000","5000","5000"
"2023-11-13","Onion","629","Bathinda","3","Punjab","46","Bathinda","Other","4500","5000","4500"
"2023-11-13","Onion","1733","Talwandi Sabo","3","Punjab","46","Bathinda","Other","4000","4500","4100"
"2023-11-13","Onion","634","Firozepur City","3","Punjab","43","Firozpur","Other","2500","3300","2900"
"2023-11-13","Onion","1183","Mansa","3","Punjab","47","Mansa","Onion","3000","5000","4000"
"2023-11-13","Onion","1773","Rayya","3","Punjab","49","Amritsar","Red","4200","4200","4200"
"2023-11-12","Onion","1610","Rajpura","3","Punjab","48","Patiala","Local","3000","4000","3500"
"2023-11-12","Onion","227","Tarantaran","3","Punjab","50","Tarn Taran","Other","4000","4500","4200"
"2023-11-12","Onion","624","Patti","3","Punjab","50","Tarn Taran","Other","2500","3000","2800"
"2023-11-12","Onion","1732","Bhagta Bhai Ka","3","Punjab","46","Bathinda","Other","4900","4900","4900"
"2023-11-12","Onion","1586","Dasuya","3","Punjab","38","Hoshiarpur","Other","4000","5400","4750"
"2023-11-12","Onion","1618","Bassi Pathana","3","Punjab","40","Fatehgarh Sahib","Onion","4000","4500","4200"
"2023-11-12","Onion","637","Mukerian","3","Punjab","38","Hoshiarpur","Onion","4500","5500","5000"
"2023-11-12","Onion","1602","Dharamkot","3","Punjab","42","Moga","Other","3000","5000","5000"
"2023-11-12","Onion","1581","Zira","3","Punjab","43","Firozpur","Local","4200","5000","4600"
"2023-11-12","Onion","251","Bhawanigarh","3","Punjab","53","Sangrur","Other","3500","3800","3650"
"2023-11-12","Onion","1739","F.G.Churian","3","Punjab","35","Gurdaspur","Onion","3300","3500","3400"
"2023-11-11","Onion","1582","Dinanagar","3","Punjab","35","Gurdaspur","Other","4000","4500","4500"
"2023-11-11","Onion","1739","F.G.Churian","3","Punjab","35","Gurdaspur","Onion","3800","4000","3900"
"2023-11-11","Onion","3100","Phillaur(Apra Mandi)","3","Punjab","37","Jalandhar","Other","4500","4500","4500"
"2023-11-11","Onion","227","Tarantaran","3","Punjab","50","Tarn Taran","Other","4000","4500","4200"
"2023-11-11","Onion","624","Patti","3","Punjab","50","Tarn Taran","Other","3000","4000","3500"
"2023-11-11","Onion","251","Bhawanigarh","3","Punjab","53","Sangrur","Other","3500","4000","3750"
"2023-11-11","Onion","637","Mukerian","3","Punjab","38","Hoshiarpur","Onion","4500","5200","5000"
"2023-11-11","Onion","1773","Rayya","3","Punjab","49","Amritsar","Red","4800","4800","4800"
"2023-11-11","Onion","1610","Rajpura","3","Punjab","48","Patiala","Local","3000","4000","3500"
"2023-11-11","Onion","245","Samana","3","Punjab","48","Patiala","Other","3200","3700","3400"
"2023-11-11","Onion","1733","Talwandi Sabo","3","Punjab","46","Bathinda","Other","4000","4500","4200"
"2023-11-11","Onion","1183","Mansa","3","Punjab","47","Mansa","Onion","3000","5000","4000"
"2023-11-11","Onion","230","Jalalabad","3","Punjab","43","Firozpur","Other","4500","5000","4700"
"2023-11-11","Onion","1581","Zira","3","Punjab","43","Firozpur","Local","4600","5000","4800"
"2023-11-11","Onion","1602","Dharamkot","3","Punjab","42","Moga","Other","5000","5000","5000"
"2023-11-11","Onion","242","Malout","3","Punjab","44","Muktsar","Onion","3800","4500","4000"
"2023-11-11","Onion","629","Bathinda","3","Punjab","46","Bathinda","Other","3800","4000","3800"
"2023-11-11","Onion","631","Raman","3","Punjab","46","Bathinda","Other","4240","4750","4500"
"2023-11-11","Onion","1732","Bhagta Bhai Ka","3","Punjab","46","Bathinda","Other","5000","5000","5000"
"2023-11-11","Onion","1586","Dasuya","3","Punjab","38","Hoshiarpur","Other","4000","5500","4750"
"2023-11-11","Onion","1587","Garh Shankar","3","Punjab","38","Hoshiarpur","Other","2500","3500","3000"
"2023-11-11","Onion","4444","GarhShankar (Kotfatuhi)","3","Punjab","38","Hoshiarpur","Other","2500","4000","3500"
"2023-11-11","Onion","1600","Sahnewal","3","Punjab","41","Ludhiana","Onion","3800","3800","3800"
"2023-11-11","Onion","1618","Bassi Pathana","3","Punjab","40","Fatehgarh Sahib","Onion","4000","4500","4200"
"2023-11-11","Onion","1595","Doraha","3","Punjab","41","Ludhiana","Other","4000","4500","4355"
"2023-11-11","Onion","1597","Ludhiana","3","Punjab","41","Ludhiana","Other","1200","4400","3100"
"2023-11-10","Onion","247","Barnala","3","Punjab","54","Barnala","Other","2100","4700","3400"
"2023-11-10","Onion","248","Dhuri","3","Punjab","53","Sangrur","Other","3600","4000","3800"
"2023-11-10","Onion","251","Bhawanigarh","3","Punjab","53","Sangrur","Other","3500","4000","3750"
"2023-11-10","Onion","1759","Sangrur","3","Punjab","53","Sangrur","Onion","3000","4000","3500"
"2023-11-10","Onion","1183","Mansa","3","Punjab","47","Mansa","Onion","3000","5000","4000"
"2023-11-10","Onion","246","Nabha","3","Punjab","48","Patiala","Other","2600","4200","3400"
"2023-11-10","Onion","1610","Rajpura","3","Punjab","48","Patiala","Local","3350","3800","3600"
"2023-11-10","Onion","1732","Bhagta Bhai Ka","3","Punjab","46","Bathinda","Other","5100","5100","5100"
"2023-11-10","Onion","1733","Talwandi Sabo","3","Punjab","46","Bathinda","Other","3000","4000","3500"
"2023-11-10","Onion","1574","Bhucho","3","Punjab","46","Bathinda","Other","2700","3200","3000"
"2023-11-10","Onion","629","Bathinda","3","Punjab","46","Bathinda","Other","2500","5000","2500"
"2023-11-10","Onion","641","Budalada","3","Punjab","47","Mansa","Other","4800","5800","5500"
"2023-11-10","Onion","1773","Rayya","3","Punjab","49","Amritsar","Red","4600","4600","4600"
"2023-11-10","Onion","631","Raman","3","Punjab","46","Bathinda","Other","4000","4400","4130"
"2023-11-10","Onion","229","Fazilka","3","Punjab","43","Firozpur","Other","4000","6000","5000"
"2023-11-10","Onion","230","Jalalabad","3","Punjab","43","Firozpur","Other","4200","4500","4300"
"2023-11-10","Onion","1581","Zira","3","Punjab","43","Firozpur","Local","4000","5500","5000"
"2023-11-10","Onion","240","Moga","3","Punjab","42","Moga","Other","3000","3800","3500"
"2023-11-10","Onion","242","Malout","3","Punjab","44","Muktsar","Onion","3900","4200","4000"
"2023-11-10","Onion","1595","Doraha","3","Punjab","41","Ludhiana","Other","3800","4500","4203"
"2023-11-10","Onion","1597","Ludhiana","3","Punjab","41","Ludhiana","Other","1000","4100","2900"
"2023-11-10","Onion","227","Tarantaran","3","Punjab","50","Tarn Taran","Other","4000","5000","4500"
"2023-11-10","Onion","1600","Sahnewal","3","Punjab","41","Ludhiana","Onion","3500","3500","3500"
"2023-11-10","Onion","624","Patti","3","Punjab","50","Tarn Taran","Other","2500","3000","2800"
"2023-11-10","Onion","643","Giddarbaha","3","Punjab","44","Muktsar","Onion","3800","4200","4000"
"2023-11-10","Onion","640","Phagwara","3","Punjab","36","Kapurthala","Other","3300","3911","3707"
"2023-11-10","Onion","3100","Phillaur(Apra Mandi)","3","Punjab","37","Jalandhar","Other","4500","4500","4500"
"2023-11-10","Onion","637","Mukerian","3","Punjab","38","Hoshiarpur","Onion","4000","5200","4500"
"2023-11-10","Onion","1739","F.G.Churian","3","Punjab","35","Gurdaspur","Onion","3000","3200","3100"
"2023-11-10","Onion","1586","Dasuya","3","Punjab","38","Hoshiarpur","Other","4400","5000","4700"
"2023-11-10","Onion","1582","Dinanagar","3","Punjab","35","Gurdaspur","Other","4000","4500","4500"
"2023-11-10","Onion","1587","Garh Shankar","3","Punjab","38","Hoshiarpur","Other","2500","3500","3000"
"2023-11-10","Onion","4444","GarhShankar (Kotfatuhi)","3","Punjab","38","Hoshiarpur","Other","2500","4000","3500"
"2023-11-10","Onion","647","Ropar","3","Punjab","51","Rupnagar","Other","4000","4500","4200"
"2023-11-10","Onion","1618","Bassi Pathana","3","Punjab","40","Fatehgarh Sahib","Other","4000","4500","4200"
"2023-11-09","Onion","1751","Dera Bassi","3","Punjab","52","Sahibzada Ajit Singh Nagar","Other","4000","4400","4200"
"2023-11-09","Onion","249","Malerkotla","3","Punjab","53","Sangrur","Other","3500","4500","4000"
"2023-11-09","Onion","250","Sunam","3","Punjab","53","Sangrur","Nasik","3000","4500","3500"
"2023-11-09","Onion","248","Dhuri","3","Punjab","53","Sangrur","Other","3500","4000","3800"
"2023-11-09","Onion","1612","Kharar","3","Punjab","52","Sahibzada Ajit Singh Nagar","Other","3500","4500","3800"
"2023-11-09","Onion","647","Ropar","3","Punjab","51","Rupnagar","Other","4000","4800","4200"
"2023-11-09","Onion","1773","Rayya","3","Punjab","49","Amritsar","Red","4600","4600","4600"
"2023-11-09","Onion","2883","Amritsar(Amritsar Mewa Mandi)","3","Punjab","49","Amritsar","Onion","1500","4000","2500"
"2023-11-09","Onion","227","Tarantaran","3","Punjab","50","Tarn Taran","Other","4000","5000","4500"
"2023-11-09","Onion","1610","Rajpura","3","Punjab","48","Patiala","Local","3000","3650","3300"
"2023-11-09","Onion","246","Nabha","3","Punjab","48","Patiala","Other","2800","4300","3900"
"2023-11-09","Onion","624","Patti","3","Punjab","50","Tarn Taran","Other","3500","4500","4000"
"2023-11-09","Onion","251","Bhawanigarh","3","Punjab","53","Sangrur","Other","3000","3500","3250"
"2023-11-09","Onion","1759","Sangrur","3","Punjab","53","Sangrur","Onion","3000","3800","3500"
"2023-11-09","Onion","631","Raman","3","Punjab","46","Bathinda","Other","3880","4450","4100"
"2023-11-09","Onion","1574","Bhucho","3","Punjab","46","Bathinda","Other","2700","3200","3000"
"2023-11-09","Onion","242","Malout","3","Punjab","44","Muktsar","Onion","4000","4400","4200"
"2023-11-09","Onion","241","Muktsar","3","Punjab","44","Muktsar","Nasik","3500","4900","4000"
"2023-11-09","Onion","1581","Zira","3","Punjab","43","Firozpur","Local","4500","5500","5000"
"2023-11-09","Onion","643","Giddarbaha","3","Punjab","44","Muktsar","Onion","3800","4200","4000"
"2023-11-09","Onion","230","Jalalabad","3","Punjab","43","Firozpur","Other","4200","4500","4300"
"2023-11-09","Onion","1575","Maur","3","Punjab","46","Bathinda","Other","4500","4800","4600"
"2023-11-09","Onion","629","Bathinda","3","Punjab","46","Bathinda","Other","3200","4000","3200"
"2023-11-09","Onion","237","Khanna","3","Punjab","41","Ludhiana","Other","2000","4000","3000"
"2023-11-09","Onion","639","Samrala","3","Punjab","41","Ludhiana","Other","3700","5000","4300"
"2023-11-09","Onion","1595","Doraha","3","Punjab","41","Ludhiana","Other","4000","4500","4225"
"2023-11-09","Onion","1620","Khamano","3","Punjab","40","Fatehgarh Sahib","Onion","4500","4500","4500"
"2023-11-09","Onion","1588","Tanda Urmur","3","Punjab","38","Hoshiarpur","Other","3700","4000","3800"
"2023-11-09","Onion","4444","GarhShankar (Kotfatuhi)","3","Punjab","38","Hoshiarpur","Other","2500","3500","3000"
"2023-11-09","Onion","1618","Bassi Pathana","3","Punjab","40","Fatehgarh Sahib","Onion","3700","4200","4000"
"2023-11-09","Onion","1597","Ludhiana","3","Punjab","41","Ludhiana","Other","1000","4200","2800"
"2023-11-09","Onion","3100","Phillaur(Apra Mandi)","3","Punjab","37","Jalandhar","Other","4500","4500","4500"
"2023-11-09","Onion","637","Mukerian","3","Punjab","38","Hoshiarpur","Onion","4500","5500","5000"
"2023-11-09","Onion","1586","Dasuya","3","Punjab","38","Hoshiarpur","Other","4000","5500","4750"
"2023-11-09","Onion","1745","Noor Mehal","3","Punjab","37","Jalandhar","1st Sort","2500","2600","2550"
"2023-11-09","Onion","1732","Bhagta Bhai Ka","3","Punjab","46","Bathinda","Other","5200","5200","5200"
"2023-11-09","Onion","229","Fazilka","3","Punjab","43","Firozpur","Other","4000","6000","5000"
"2023-11-09","Onion","1587","Garh Shankar","3","Punjab","38","Hoshiarpur","Other","1800","3500","2800"
"2023-11-09","Onion","1739","F.G.Churian","3","Punjab","35","Gurdaspur","Onion","3600","3800","3700"
"2023-11-09","Onion","1582","Dinanagar","3","Punjab","35","Gurdaspur","Other","4000","4500","4500"
"2023-11-09","Onion","640","Phagwara","3","Punjab","36","Kapurthala","Other","1500","3951","3951"
"2023-11-09","Onion","641","Budalada","3","Punjab","47","Mansa","Other","4500","6000","5500"
"2023-11-09","Onion","1183","Mansa","3","Punjab","47","Mansa","Onion","3000","5000","4000"
"2023-11-09","Onion","247","Barnala","3","Punjab","54","Barnala","Other","2200","4200","3200"
"2023-11-08","Onion","250","Sunam","3","Punjab","53","Sangrur","Nasik","3000","4500","3500"
"2023-11-08","Onion","251","Bhawanigarh","3","Punjab","53","Sangrur","Other","3500","4000","3750"
"2023-11-08","Onion","249","Malerkotla","3","Punjab","53","Sangrur","Other","3000","4000","3500"
"2023-11-08","Onion","1757","Lehra Gaga","3","Punjab","53","Sangrur","Other","4000","4200","4000"
"2023-11-08","Onion","1612","Kharar","3","Punjab","52","Sahibzada Ajit Singh Nagar","Other","4000","5200","4200"
"2023-11-08","Onion","1751","Dera Bassi","3","Punjab","52","Sahibzada Ajit Singh Nagar","Other","4000","4400","4200"
"2023-11-08","Onion","647","Ropar","3","Punjab","51","Rupnagar","Other","4000","5000","4500"
"2023-11-08","Onion","248","Dhuri","3","Punjab","53","Sangrur","Other","4200","4500","4400"
"2023-11-08","Onion","1759","Sangrur","3","Punjab","53","Sangrur","Onion","3000","3800","3500"
"2023-11-08","Onion","1773","Rayya","3","Punjab","49","Amritsar","Red","4400","4400","4400"
"2023-11-08","Onion","246","Nabha","3","Punjab","48","Patiala","Other","2800","4400","3800"
"2023-11-08","Onion","2883","Amritsar(Amritsar Mewa Mandi)","3","Punjab","49","Amritsar","Onion","1200","3800","2400"
"2023-11-08","Onion","1733","Talwandi Sabo","3","Punjab","46","Bathinda","Other","3900","4200","4000"
"2023-11-08","Onion","1183","Mansa","3","Punjab","47","Mansa","Onion","5000","7000","6000"
"2023-11-08","Onion","227","Tarantaran","3","Punjab","50","Tarn Taran","Other","4000","5000","4500"
"2023-11-08","Onion","244","Patran","3","Punjab","48","Patiala","Other","600","3500","2980"
"2023-11-08","Onion","247","Barnala","3","Punjab","54","Barnala","Other","2000","4150","3075"
"2023-11-08","Onion","1577","Jaitu","3","Punjab","45","Faridkot","Nasik","3800","3800","3800"
"2023-11-08","Onion","631","Raman","3","Punjab","46","Bathinda","Other","4000","4500","4340"
"2023-11-08","Onion","643","Giddarbaha","3","Punjab","44","Muktsar","Onion","3800","4200","4000"
"2023-11-08","Onion","241","Muktsar","3","Punjab","44","Muktsar","Nasik","3500","4800","4000"
"2023-11-08","Onion","242","Malout","3","Punjab","44","Muktsar","Onion","3800","5000","4200"
"2023-11-08","Onion","1574","Bhucho","3","Punjab","46","Bathinda","Other","3000","3500","3300"
"2023-11-08","Onion","1581","Zira","3","Punjab","43","Firozpur","Local","4000","5000","4500"
"2023-11-08","Onion","239","Baghapurana","3","Punjab","42","Moga","Medium","3000","4000","3500"
"2023-11-08","Onion","229","Fazilka","3","Punjab","43","Firozpur","Other","3000","5000","4000"
"2023-11-08","Onion","230","Jalalabad","3","Punjab","43","Firozpur","Other","3200","3400","3300"
"2023-11-08","Onion","1575","Maur","3","Punjab","46","Bathinda","Other","4500","4800","4600"
"2023-11-08","Onion","1597","Ludhiana","3","Punjab","41","Ludhiana","Other","1000","4200","2800"
"2023-11-08","Onion","634","Firozepur City","3","Punjab","43","Firozpur","Other","2500","3500","3000"
"2023-11-08","Onion","1732","Bhagta Bhai Ka","3","Punjab","46","Bathinda","Other","5900","5900","5900"
"2023-11-08","Onion","624","Patti","3","Punjab","50","Tarn Taran","Other","2800","3500","3200"
"2023-11-08","Onion","1595","Doraha","3","Punjab","41","Ludhiana","Other","4000","4200","4108"
"2023-11-08","Onion","637","Mukerian","3","Punjab","38","Hoshiarpur","Onion","4500","5000","4800"
"2023-11-08","Onion","1586","Dasuya","3","Punjab","38","Hoshiarpur","Other","3500","4800","4150"
"2023-11-08","Onion","3100","Phillaur(Apra Mandi)","3","Punjab","37","Jalandhar","Other","5000","5000","5000"
"2023-11-08","Onion","1587","Garh Shankar","3","Punjab","38","Hoshiarpur","Other","2500","3500","3000"
"2023-11-08","Onion","1739","F.G.Churian","3","Punjab","35","Gurdaspur","Onion","3000","3200","3100"
"2023-11-08","Onion","1582","Dinanagar","3","Punjab","35","Gurdaspur","Other","4000","4500","4500"
"2023-11-08","Onion","640","Phagwara","3","Punjab","36","Kapurthala","Other","3300","3955","3615"
"2023-11-08","Onion","4444","GarhShankar (Kotfatuhi)","3","Punjab","38","Hoshiarpur","Other","2500","4000","3500"
"2023-11-08","Onion","1618","Bassi Pathana","3","Punjab","40","Fatehgarh Sahib","Onion","4500","5500","5000"
"2023-11-08","Onion","1620","Khamano","3","Punjab","40","Fatehgarh Sahib","Onion","4500","4500","4500"
"2023-11-08","Onion","639","Samrala","3","Punjab","41","Ludhiana","Other","3700","5000","4200"
"2023-11-07","Onion","822","Lalru","3","Punjab","52","Sahibzada Ajit Singh Nagar","Other","3600","4500","4000"
"2023-11-07","Onion","647","Ropar","3","Punjab","51","Rupnagar","Other","4000","5000","4500"
"2023-11-07","Onion","1612","Kharar","3","Punjab","52","Sahibzada Ajit Singh Nagar","Other","4000","5200","4200"
"2023-11-07","Onion","248","Dhuri","3","Punjab","53","Sangrur","Other","4300","4500","4400"
"2023-11-07","Onion","250","Sunam","3","Punjab","53","Sangrur","Nasik","3000","4500","4500"
"2023-11-07","Onion","249","Malerkotla","3","Punjab","53","Sangrur","Other","3000","4000","3500"
"2023-11-07","Onion","624","Patti","3","Punjab","50","Tarn Taran","Other","2500","3000","2800"
"2023-11-07","Onion","246","Nabha","3","Punjab","48","Patiala","Other","3000","4500","3800"
"2023-11-07","Onion","244","Patran","3","Punjab","48","Patiala","Other","2000","3400","2970"
"2023-11-07","Onion","1610","Rajpura","3","Punjab","48","Patiala","Local","3000","3800","3400"
"2023-11-07","Onion","1773","Rayya","3","Punjab","49","Amritsar","Red","4500","4500","4500"
"2023-11-07","Onion","3100","Phillaur(Apra Mandi)","3","Punjab","37","Jalandhar","Other","5000","5000","5000"
"2023-11-07","Onion","1588","Tanda Urmur","3","Punjab","38","Hoshiarpur","Other","3700","4000","3800"
"2023-11-07","Onion","1183","Mansa","3","Punjab","47","Mansa","Onion","3000","5000","4000"
"2023-11-07","Onion","251","Bhawanigarh","3","Punjab","53","Sangrur","Other","4000","4000","4000"
"2023-11-07","Onion","1733","Talwandi Sabo","3","Punjab","46","Bathinda","Other","3800","4200","4000"
"2023-11-07","Onion","227","Tarantaran","3","Punjab","50","Tarn Taran","Other","4000","5500","5000"
"2023-11-07","Onion","2883","Amritsar(Amritsar Mewa Mandi)","3","Punjab","49","Amritsar","Onion","1200","3900","2600"
"2023-11-07","Onion","4444","GarhShankar (Kotfatuhi)","3","Punjab","38","Hoshiarpur","Other","2000","4000","2500"
"2023-11-07","Onion","1181","Sirhind","3","Punjab","40","Fatehgarh Sahib","Other","3000","4500","3500"
"2023-11-07","Onion","1618","Bassi Pathana","3","Punjab","40","Fatehgarh Sahib","Onion","4500","5200","5000"
"2023-11-07","Onion","1757","Lehra Gaga","3","Punjab","53","Sangrur","Other","4500","4500","4500"
"2023-11-07","Onion","637","Mukerian","3","Punjab","38","Hoshiarpur","Onion","3500","4500","4000"
"2023-11-07","Onion","1586","Dasuya","3","Punjab","38","Hoshiarpur","Other","3500","4200","3850"
"2023-11-07","Onion","237","Khanna","3","Punjab","41","Ludhiana","Other","2000","4000","3000"
"2023-11-07","Onion","1732","Bhagta Bhai Ka","3","Punjab","46","Bathinda","Other","5800","5800","5800"
"2023-11-07","Onion","1759","Sangrur","3","Punjab","53","Sangrur","Onion","2500","3500","3000"
"2023-11-07","Onion","631","Raman","3","Punjab","46","Bathinda","Other","3370","3610","3500"
"2023-11-07","Onion","241","Muktsar","3","Punjab","44","Muktsar","Nasik","3500","4800","4000"
"2023-11-07","Onion","242","Malout","3","Punjab","44","Muktsar","Onion","3800","5000","4200"
"2023-11-07","Onion","643","Giddarbaha","3","Punjab","44","Muktsar","Onion","3800","4200","4000"
"2023-11-07","Onion","629","Bathinda","3","Punjab","46","Bathinda","Other","4800","5000","4800"
"2023-11-07","Onion","1574","Bhucho","3","Punjab","46","Bathinda","Other","3000","3500","3200"
"2023-11-07","Onion","1739","F.G.Churian","3","Punjab","35","Gurdaspur","Onion","4200","4400","4300"
"2023-11-07","Onion","1582","Dinanagar","3","Punjab","35","Gurdaspur","Other","4000","4500","4500"
"2023-11-07","Onion","3106","Garh Shankar(Mahalpur)","3","Punjab","38","Hoshiarpur","Onion","3000","3600","3500"
"2023-11-07","Onion","240","Moga","3","Punjab","42","Moga","Other","2000","3500","2800"
"2023-11-07","Onion","1602","Dharamkot","3","Punjab","42","Moga","Other","5000","5000","5000"
"2023-11-07","Onion","230","Jalalabad","3","Punjab","43","Firozpur","Other","3300","3500","3400"
"2023-11-07","Onion","634","Firozepur City","3","Punjab","43","Firozpur","Other","3000","4000","3500"
"2023-11-07","Onion","229","Fazilka","3","Punjab","43","Firozpur","Other","4000","6000","5000"
"2023-11-07","Onion","239","Baghapurana","3","Punjab","42","Moga","Medium","3000","4000","3500"
"2023-11-07","Onion","640","Phagwara","3","Punjab","36","Kapurthala","Other","3200","4034","3891"
"2023-11-07","Onion","1597","Ludhiana","3","Punjab","41","Ludhiana","Other","1000","4200","2900"
"2023-11-07","Onion","1581","Zira","3","Punjab","43","Firozpur","Local","4000","5000","4500"
"2023-11-07","Onion","639","Samrala","3","Punjab","41","Ludhiana","Other","3500","5000","4500"
"2023-11-07","Onion","641","Budalada","3","Punjab","47","Mansa","Other","4500","5300","5000"
"2023-11-07","Onion","247","Barnala","3","Punjab","54","Barnala","Other","2900","4150","3525"
"2023-11-07","Onion","1595","Doraha","3","Punjab","41","Ludhiana","Other","3500","4500","4090"
"2023-11-07","Onion","1575","Maur","3","Punjab","46","Bathinda","Other","3700","4000","3800"
"2023-11-06","Onion","1759","Sangrur","3","Punjab","53","Sangrur","Onion","2500","3500","3000"
"2023-11-06","Onion","251","Bhawanigarh","3","Punjab","53","Sangrur","Other","4000","4000","4000"
"2023-11-06","Onion","247","Barnala","3","Punjab","54","Barnala","Other","2850","4500","3675"
"2023-11-06","Onion","3106","Garh Shankar(Mahalpur)","3","Punjab","38","Hoshiarpur","Onion","3000","3500","3200"
"2023-11-06","Onion","4444","GarhShankar (Kotfatuhi)","3","Punjab","38","Hoshiarpur","Other","3000","4000","3500"
"2023-11-06","Onion","1618","Bassi Pathana","3","Punjab","40","Fatehgarh Sahib","Onion","4500","5000","4800"
"2023-11-06","Onion","250","Sunam","3","Punjab","53","Sangrur","Nasik","2500","3500","3000"
"2023-11-06","Onion","1595","Doraha","3","Punjab","41","Ludhiana","Other","4000","4500","4233"
"2023-11-06","Onion","1620","Khamano","3","Punjab","40","Fatehgarh Sahib","Onion","5500","5500","5500"
"2023-11-06","Onion","237","Khanna","3","Punjab","41","Ludhiana","Other","2000","4000","3000"
"2023-11-06","Onion","1743","Bilga","3","Punjab","37","Jalandhar","Other","2800","3000","2900"
"2023-11-06","Onion","1582","Dinanagar","3","Punjab","35","Gurdaspur","Other","4000","4500","4200"
"2023-11-06","Onion","637","Mukerian","3","Punjab","38","Hoshiarpur","Onion","3800","4500","4200"
"2023-11-06","Onion","1739","F.G.Churian","3","Punjab","35","Gurdaspur","Onion","3900","4000","3950"
"2023-11-06","Onion","1586","Dasuya","3","Punjab","38","Hoshiarpur","Other","3200","4000","3600"
"2023-11-06","Onion","1597","Ludhiana","3","Punjab","41","Ludhiana","Other","1000","4200","2900"
"2023-11-06","Onion","640","Phagwara","3","Punjab","36","Kapurthala","Other","3200","3989","3989"
"2023-11-06","Onion","1587","Garh Shankar","3","Punjab","38","Hoshiarpur","Other","2500","4000","3000"
"2023-11-06","Onion","3100","Phillaur(Apra Mandi)","3","Punjab","37","Jalandhar","Other","5000","5000","5000"
"2023-11-06","Onion","1602","Dharamkot","3","Punjab","42","Moga","Other","5000","5000","5000"
"2023-11-06","Onion","647","Ropar","3","Punjab","51","Rupnagar","Other","4000","5000","4500"
"2023-11-06","Onion","822","Lalru","3","Punjab","52","Sahibzada Ajit Singh Nagar","Other","4000","4000","4000"
"2023-11-06","Onion","1610","Rajpura","3","Punjab","48","Patiala","Local","3800","4500","4200"
"2023-11-06","Onion","645","Dudhansadhan","3","Punjab","48","Patiala","Other","6000","6500","6200"
"2023-11-06","Onion","1773","Rayya","3","Punjab","49","Amritsar","Red","4200","4200","4200"
"2023-11-06","Onion","244","Patran","3","Punjab","48","Patiala","Other","1000","3500","1470"
"2023-11-06","Onion","641","Budalada","3","Punjab","47","Mansa","Other","4800","5500","5200"
"2023-11-06","Onion","2883","Amritsar(Amritsar Mewa Mandi)","3","Punjab","49","Amritsar","Onion","1500","4000","3000"
"2023-11-06","Onion","1183","Mansa","3","Punjab","47","Mansa","Onion","3000","4000","3500"
"2023-11-06","Onion","1732","Bhagta Bhai Ka","3","Punjab","46","Bathinda","Other","5700","5700","5700"
"2023-11-06","Onion","248","Dhuri","3","Punjab","53","Sangrur","Other","4000","4800","4500"
"2023-11-06","Onion","624","Patti","3","Punjab","50","Tarn Taran","Other","4000","5000","4500"
"2023-11-06","Onion","1574","Bhucho","3","Punjab","46","Bathinda","Other","3000","3500","3200"
"2023-11-06","Onion","1581","Zira","3","Punjab","43","Firozpur","Local","3800","5000","4500"
"2023-11-06","Onion","241","Muktsar","3","Punjab","44","Muktsar","Nasik","3000","4000","3500"
"2023-11-06","Onion","229","Fazilka","3","Punjab","43","Firozpur","Other","4000","6000","5000"
"2023-11-06","Onion","643","Giddarbaha","3","Punjab","44","Muktsar","Onion","3800","4200","4000"
"2023-11-06","Onion","230","Jalalabad","3","Punjab","43","Firozpur","Other","4800","5000","4900"
"2023-11-06","Onion","634","Firozepur City","3","Punjab","43","Firozpur","Other","3000","4000","3500"
"2023-11-06","Onion","249","Malerkotla","3","Punjab","53","Sangrur","Other","3000","4000","3500"
"2023-11-06","Onion","631","Raman","3","Punjab","46","Bathinda","Other","3600","4030","3800"
"2023-11-06","Onion","629","Bathinda","3","Punjab","46","Bathinda","Other","4600","5000","4600"
"2023-11-05","Onion","1612","Kharar","3","Punjab","52","Sahibzada Ajit Singh Nagar","Other","4000","5500","4500"
"2023-11-05","Onion","248","Dhuri","3","Punjab","53","Sangrur","Other","4000","4800","4400"
"2023-11-05","Onion","1183","Mansa","3","Punjab","47","Mansa","Onion","4000","6000","5000"
"2023-11-05","Onion","251","Bhawanigarh","3","Punjab","53","Sangrur","Other","4500","4700","4600"
"2023-11-05","Onion","645","Dudhansadhan","3","Punjab","48","Patiala","Other","6000","6500","6200"
"2023-11-05","Onion","1586","Dasuya","3","Punjab","38","Hoshiarpur","Other","3500","4000","3750"
"2023-11-05","Onion","1582","Dinanagar","3","Punjab","35","Gurdaspur","Other","5000","5500","5500"
"2023-11-05","Onion","643","Giddarbaha","3","Punjab","44","Muktsar","Onion","3500","4000","3800"
"2023-11-05","Onion","631","Raman","3","Punjab","46","Bathinda","Other","3400","3800","3640"
"2023-11-05","Onion","1575","Maur","3","Punjab","46","Bathinda","Other","4800","5500","5000"
"2023-11-05","Onion","624","Patti","3","Punjab","50","Tarn Taran","Other","4500","5500","5000"
"2023-11-05","Onion","1610","Rajpura","3","Punjab","48","Patiala","Local","3500","4000","3800"
"2023-11-05","Onion","1732","Bhagta Bhai Ka","3","Punjab","46","Bathinda","Other","5700","5700","5700"
"2023-11-04","Onion","640","Phagwara","3","Punjab","36","Kapurthala","Other","2600","4385","3885"
"2023-11-04","Onion","1743","Bilga","3","Punjab","37","Jalandhar","Other","2800","3000","2900"
"2023-11-04","Onion","3100","Phillaur(Apra Mandi)","3","Punjab","37","Jalandhar","Other","5000","5000","5000"
"2023-11-04","Onion","1582","Dinanagar","3","Punjab","35","Gurdaspur","Other","5000","5500","5500"
"2023-11-04","Onion","637","Mukerian","3","Punjab","38","Hoshiarpur","Onion","4500","5500","5000"
"2023-11-04","Onion","248","Dhuri","3","Punjab","53","Sangrur","Other","4000","4800","4500"
"2023-11-04","Onion","1587","Garh Shankar","3","Punjab","38","Hoshiarpur","Other","2500","4000","3000"
"2023-11-04","Onion","1586","Dasuya","3","Punjab","38","Hoshiarpur","Other","3500","4000","3750"
"2023-11-04","Onion","1757","Lehra Gaga","3","Punjab","53","Sangrur","Other","4200","4200","4200"
"2023-11-04","Onion","4444","GarhShankar (Kotfatuhi)","3","Punjab","38","Hoshiarpur","Other","2500","4000","3500"
"2023-11-04","Onion","1181","Sirhind","3","Punjab","40","Fatehgarh Sahib","Other","3500","5500","4500"
"2023-11-04","Onion","1612","Kharar","3","Punjab","52","Sahibzada Ajit Singh Nagar","Other","4000","5500","4500"
"2023-11-04","Onion","1618","Bassi Pathana","3","Punjab","40","Fatehgarh Sahib","Onion","5000","5500","5200"
"2023-11-04","Onion","624","Patti","3","Punjab","50","Tarn Taran","Other","4500","5500","5000"
"2023-11-04","Onion","1773","Rayya","3","Punjab","49","Amritsar","Red","4200","4200","4200"
"2023-11-04","Onion","645","Dudhansadhan","3","Punjab","48","Patiala","Other","2000","2500","2200"
"2023-11-04","Onion","2883","Amritsar(Amritsar Mewa Mandi)","3","Punjab","49","Amritsar","Onion","1500","4500","3000"
"2023-11-04","Onion","647","Ropar","3","Punjab","51","Rupnagar","Other","4000","4800","4200"
"2023-11-04","Onion","1610","Rajpura","3","Punjab","48","Patiala","Local","3500","4500","4000"
"2023-11-04","Onion","643","Giddarbaha","3","Punjab","44","Muktsar","Onion","3800","4200","4000"
"2023-11-04","Onion","631","Raman","3","Punjab","46","Bathinda","Other","3270","3760","3450"
"2023-11-04","Onion","242","Malout","3","Punjab","44","Muktsar","Onion","4000","5000","4500"
"2023-11-04","Onion","1574","Bhucho","3","Punjab","46","Bathinda","Other","3000","3500","3200"
"2023-11-04","Onion","634","Firozepur City","3","Punjab","43","Firozpur","Other","3000","4200","3600"
"2023-11-04","Onion","230","Jalalabad","3","Punjab","43","Firozpur","Other","5000","5200","5100"
"2023-11-04","Onion","1581","Zira","3","Punjab","43","Firozpur","Local","4000","5000","4500"
"2023-11-04","Onion","1732","Bhagta Bhai Ka","3","Punjab","46","Bathinda","Other","5800","5800","5800"
"2023-11-04","Onion","1183","Mansa","3","Punjab","47","Mansa","Onion","3000","5000","4000"
"2023-11-04","Onion","1602","Dharamkot","3","Punjab","42","Moga","Other","5000","5000","5000"
"2023-11-04","Onion","822","Lalru","3","Punjab","52","Sahibzada Ajit Singh Nagar","Other","4200","5200","5000"
"2023-11-04","Onion","1620","Khamano","3","Punjab","40","Fatehgarh Sahib","Onion","5500","5500","5500"
"2023-11-04","Onion","244","Patran","3","Punjab","48","Patiala","Other","2700","4000","3190"
"2023-11-04","Onion","1597","Ludhiana","3","Punjab","41","Ludhiana","Other","1500","5000","3200"
"2023-11-04","Onion","237","Khanna","3","Punjab","41","Ludhiana","Other","2000","4000","3000"
"2023-11-04","Onion","1595","Doraha","3","Punjab","41","Ludhiana","Other","4000","5000","4552"
"2023-11-03","Onion","1757","Lehra Gaga","3","Punjab","53","Sangrur","Other","5500","5500","5500"
"2023-11-03","Onion","1759","Sangrur","3","Punjab","53","Sangrur","Onion","3000","5000","4000"
"2023-11-03","Onion","247","Barnala","3","Punjab","54","Barnala","Other","2900","4200","3550"
"2023-11-03","Onion","248","Dhuri","3","Punjab","53","Sangrur","Other","4500","5000","4800"
"2023-11-03","Onion","250","Sunam","3","Punjab","53","Sangrur","Nasik","3000","4500","3500"
"2023-11-03","Onion","251","Bhawanigarh","3","Punjab","53","Sangrur","Other","4000","5000","4250"
"2023-11-03","Onion","2883","Amritsar(Amritsar Mewa Mandi)","3","Punjab","49","Amritsar","Onion","2000","4300","3000"
"2023-11-03","Onion","227","Tarantaran","3","Punjab","50","Tarn Taran","Other","4000","4500","4200"
"2023-11-03","Onion","1610","Rajpura","3","Punjab","48","Patiala","Local","3500","4500","4000"
"2023-11-03","Onion","1773","Rayya","3","Punjab","49","Amritsar","Red","3500","3500","3500"
"2023-11-03","Onion","624","Patti","3","Punjab","50","Tarn Taran","Other","3500","4000","3800"
"2023-11-03","Onion","645","Dudhansadhan","3","Punjab","48","Patiala","Other","6000","6500","6200"
"2023-11-03","Onion","1586","Dasuya","3","Punjab","38","Hoshiarpur","Other","3500","4000","3750"